year,month,state,region,solar_energy,wind_energy,hydro_energy,geothermal_energy,biomass_energy,total_energy,capacity,efficiency,capacity_factor,co2_reduction,carbon_offset,temperature,wind_speed,rainfall,sunlight_hours,cost,revenue,plant_id,plant_name,plant_type,data_source,timestamp
2024,1,Andhra Pradesh,South India,710.5,0.0,0.0,0.0,0.0,710.5,2100.0,0.85,0.25,497.35,596.82,28.5,7.2,10.0,8.5,14500.00,46000.00,PLT_AP_10,AP_Solar_10,Solar,State Grid,2024-01-01 08:00:00
2024,2,Andhra Pradesh,South India,730.1,0.0,0.0,0.0,0.0,730.1,2100.0,0.87,0.26,511.07,613.28,30.1,NaN,5.0,9.2,14800.00,47500.00,PLT_AP_10,AP_Solar_10,Solar,State Grid,2024-02-01 08:00:00
2024,3,Andhra Pradesh,South India,780.4,0.0,0.0,0.0,0.0,780.4,2100.0,0.89,0.28,546.28,655.54,34.4,8.1,0.0,10.5,15000.00,51000.00,PLT_AP_10,AP_Solar_10,Solar,IoT Sensors,2024-03-01 08:00:00
2024,4,Andhra Pradesh,South India,810.9,0.0,0.0,0.0,0.0,810.9,2100.0,0.91,0.30,567.63,681.16,37.2,9.0,12.0,11.2,15200.00,54000.00,PLT_AP_10,AP_Solar_10,Solar,IoT Sensors,2024-04-01 08:00:00
2024,5,Andhra Pradesh,South India,800.2,0.0,0.0,0.0,0.0,800.2,2100.0,NaN,0.29,560.14,672.17,38.1,10.2,35.0,11.0,NaN,53500.00,PLT_AP_10,AP_Solar_10,Solar,State Grid,2024-05-01 08:00:00
2024,6,Andhra Pradesh,South India,740.3,0.0,0.0,0.0,0.0,740.3,2100.0,0.86,0.26,518.21,621.85,35.5,12.5,95.0,7.5,16000.00,49000.00,PLT_AP_10,AP_Solar_10,Solar,State Grid,2024-06-01 08:00:00
2024,7,Andhra Pradesh,South India,710.8,0.0,0.0,0.0,0.0,710.8,2100.0,0.83,0.25,497.56,597.07,33.2,13.2,130.0,NaN,16500.00,NaN,PLT_AP_10,AP_Solar_10,Solar,Manual Entry,2024-07-01 08:00:00
2024,8,Andhra Pradesh,South India,705.5,0.0,0.0,0.0,0.0,705.5,2100.0,0.82,0.24,493.85,592.62,32.5,12.8,120.0,6.8,16200.00,46500.00,PLT_AP_10,AP_Solar_10,Solar,State Grid,2024-08-01 08:00:00
2024,9,Andhra Pradesh,South India,730.4,0.0,0.0,0.0,0.0,730.4,2100.0,0.84,0.26,511.28,613.54,33.0,11.5,80.0,8.0,15500.00,48000.00,PLT_AP_10,AP_Solar_10,Solar,SCADA,2024-09-01 08:00:00
2024,10,Andhra Pradesh,South India,NaN,0.0,0.0,0.0,0.0,715.2,2100.0,0.83,0.25,500.64,600.77,31.5,9.2,90.0,7.5,15000.00,47000.00,PLT_AP_10,AP_Solar_10,Solar,SCADA,2024-10-01 08:00:00
2024,11,Andhra Pradesh,South India,705.1,0.0,0.0,0.0,0.0,705.1,2100.0,0.82,0.24,493.57,592.28,29.8,8.5,50.0,8.2,14800.00,46000.00,PLT_AP_10,AP_Solar_10,Solar,IoT Sensors,2024-11-01 08:00:00
2024,12,Andhra Pradesh,South India,690.8,0.0,0.0,0.0,0.0,690.8,2100.0,0.81,0.23,483.56,580.27,28.0,7.8,15.0,8.5,14500.00,45000.00,PLT_AP_10,AP_Solar_10,Solar,IoT Sensors,2024-12-01 08:00:00
2025,1,Andhra Pradesh,South India,720.5,0.0,0.0,0.0,0.0,720.5,2150.0,0.86,0.26,504.35,605.22,28.8,7.5,12.0,8.6,14600.00,46500.00,PLT_AP_10,AP_Solar_10,Solar,State Grid,2025-01-01 08:00:00
2025,2,Andhra Pradesh,South India,740.1,0.0,0.0,0.0,0.0,740.1,2150.0,0.88,0.27,518.07,621.68,30.5,NaN,6.0,9.4,14900.00,48000.00,PLT_AP_10,AP_Solar_10,Solar,State Grid,2025-02-01 08:00:00
2025,3,Andhra Pradesh,South India,790.4,0.0,0.0,0.0,0.0,790.4,2150.0,0.90,0.29,553.28,663.94,34.8,8.4,0.0,10.7,15100.00,51500.00,PLT_AP_10,AP_Solar_10,Solar,IoT Sensors,2025-03-01 08:00:00
2025,4,Andhra Pradesh,South India,820.9,0.0,0.0,0.0,0.0,820.9,2150.0,0.92,0.31,574.63,689.56,37.5,9.3,10.0,11.5,15300.00,54500.00,PLT_AP_10,AP_Solar_10,Solar,IoT Sensors,2025-04-01 08:00:00
2025,5,Andhra Pradesh,South India,810.2,0.0,0.0,0.0,0.0,810.2,2150.0,NaN,0.30,567.14,680.57,38.5,10.5,30.0,11.2,NaN,54000.00,PLT_AP_10,AP_Solar_10,Solar,State Grid,2025-05-01 08:00:00
2025,6,Andhra Pradesh,South India,750.3,0.0,0.0,0.0,0.0,750.3,2150.0,0.87,0.27,525.21,630.25,35.8,12.8,90.0,7.8,16100.00,49500.00,PLT_AP_10,AP_Solar_10,Solar,State Grid,2025-06-01 08:00:00
2025,7,Andhra Pradesh,South India,720.8,0.0,0.0,0.0,0.0,720.8,2150.0,0.84,0.25,504.56,605.47,33.5,13.5,125.0,NaN,16600.00,NaN,PLT_AP_10,AP_Solar_10,Solar,Manual Entry,2025-07-01 08:00:00
2025,8,Andhra Pradesh,South India,715.5,0.0,0.0,0.0,0.0,715.5,2150.0,0.83,0.25,500.85,601.02,32.8,13.1,115.0,7.0,16300.00,47000.00,PLT_AP_10,AP_Solar_10,Solar,State Grid,2025-08-01 08:00:00
2025,9,Andhra Pradesh,South India,740.4,0.0,0.0,0.0,0.0,740.4,2150.0,0.85,0.27,518.28,621.94,33.5,11.8,75.0,8.2,15600.00,48500.00,PLT_AP_10,AP_Solar_10,Solar,SCADA,2025-09-01 08:00:00
2025,10,Andhra Pradesh,South India,NaN,0.0,0.0,0.0,0.0,725.2,2150.0,0.84,0.26,507.64,609.17,31.8,9.5,85.0,7.8,15100.00,47500.00,PLT_AP_10,AP_Solar_10,Solar,SCADA,2025-10-01 08:00:00
2025,11,Andhra Pradesh,South India,715.1,0.0,0.0,0.0,0.0,715.1,2150.0,0.83,0.25,500.57,600.68,30.2,8.8,45.0,8.5,14900.00,46500.00,PLT_AP_10,AP_Solar_10,Solar,IoT Sensors,2025-11-01 08:00:00
2025,12,Andhra Pradesh,South India,700.8,0.0,0.0,0.0,0.0,700.8,2150.0,0.82,0.24,490.56,588.67,28.5,8.1,10.0,8.8,14600.00,45500.00,PLT_AP_10,AP_Solar_10,Solar,IoT Sensors,2025-12-01 08:00:00
2024,1,Telangana,South India,0.0,500.5,0.0,0.0,0.0,500.5,1300.0,0.78,0.42,350.35,420.42,25.5,16.5,10.0,7.8,19000.00,45000.00,PLT_TS_11,TS_Wind_11,Wind,State Grid,2024-01-01 08:00:00
2024,2,Telangana,South India,0.0,510.1,0.0,0.0,0.0,510.1,1300.0,0.79,0.43,357.07,428.48,26.1,17.8,8.0,7.5,19200.00,46500.00,PLT_TS_11,TS_Wind_11,Wind,State Grid,2024-02-01 08:00:00
2024,3,Telangana,South India,0.0,520.4,0.0,0.0,0.0,520.4,1300.0,0.81,0.45,364.28,437.14,27.4,18.4,15.0,6.8,19500.00,48000.00,PLT_TS_11,TS_Wind_11,Wind,IoT Sensors,2024-03-01 08:00:00
2024,4,Telangana,South India,0.0,490.9,0.0,0.0,0.0,490.9,1300.0,NaN,0.41,343.63,412.36,28.2,15.3,35.0,6.5,19800.00,44000.00,PLT_TS_11,TS_Wind_11,Wind,IoT Sensors,2024-04-01 08:00:00
2024,5,Telangana,South India,0.0,600.2,0.0,0.0,0.0,600.2,1300.0,0.88,0.53,420.14,504.17,29.1,23.5,125.0,5.3,20000.00,57500.00,PLT_TS_11,TS_Wind_11,Wind,State Grid,2024-05-01 08:00:00
2024,6,Telangana,South India,0.0,NaN,0.0,0.0,0.0,680.3,1300.0,0.91,0.62,476.21,571.45,27.5,26.8,300.0,4.8,20500.00,65000.00,PLT_TS_11,TS_Wind_11,Wind,State Grid,2024-06-01 08:00:00
2024,7,Telangana,South India,0.0,720.8,0.0,0.0,0.0,720.8,1300.0,0.93,0.66,504.56,605.47,26.2,28.5,420.0,3.8,NaN,69000.00,PLT_TS_11,TS_Wind_11,Wind,Manual Entry,2024-07-01 08:00:00
2024,8,Telangana,South India,0.0,700.5,0.0,0.0,0.0,700.5,1300.0,0.92,0.64,490.35,588.42,26.5,28.1,350.0,5.1,20200.00,67500.00,PLT_TS_11,TS_Wind_11,Wind,State Grid,2024-08-01 08:00:00
2024,9,Telangana,South India,0.0,610.4,0.0,0.0,0.0,610.4,1300.0,0.89,0.55,427.28,512.74,27.0,22.8,220.0,5.8,19800.00,58000.00,PLT_TS_11,TS_Wind_11,Wind,SCADA,2024-09-01 08:00:00
2024,10,Telangana,South India,0.0,570.2,0.0,0.0,0.0,570.2,1300.0,0.85,0.50,399.14,478.97,26.5,19.5,160.0,6.8,19500.00,54000.00,PLT_TS_11,TS_Wind_11,Wind,NaN,2024-10-01 08:00:00
2024,11,Telangana,South India,0.0,530.1,0.0,0.0,0.0,530.1,1300.0,0.81,0.45,371.07,445.28,26.8,17.8,60.0,7.5,19200.00,50000.00,PLT_TS_11,TS_Wind_11,Wind,IoT Sensors,2024-11-01 08:00:00
2024,12,Telangana,South India,0.0,505.8,0.0,0.0,0.0,505.8,1300.0,0.77,0.41,354.06,424.87,25.0,16.1,20.0,8.1,19000.00,46000.00,PLT_TS_11,TS_Wind_11,Wind,IoT Sensors,2024-12-01 08:00:00
2025,1,Telangana,South India,0.0,510.5,0.0,0.0,0.0,510.5,1350.0,0.79,0.43,357.35,428.82,25.8,16.8,12.0,7.9,19100.00,45500.00,PLT_TS_11,TS_Wind_11,Wind,State Grid,2025-01-01 08:00:00
2025,2,Telangana,South India,0.0,520.1,0.0,0.0,0.0,520.1,1350.0,0.80,0.44,364.07,436.88,26.4,NaN,10.0,7.6,19300.00,47000.00,PLT_TS_11,TS_Wind_11,Wind,State Grid,2025-02-01 08:00:00
2025,3,Telangana,South India,0.0,530.4,0.0,0.0,0.0,530.4,1350.0,0.82,0.46,371.28,445.54,27.7,18.8,18.0,6.9,19600.00,48500.00,PLT_TS_11,TS_Wind_11,Wind,IoT Sensors,2025-03-01 08:00:00
2025,4,Telangana,South India,0.0,500.9,0.0,0.0,0.0,500.9,1350.0,0.78,0.42,350.63,420.76,28.5,15.8,40.0,6.6,19900.00,44500.00,PLT_TS_11,TS_Wind_11,Wind,IoT Sensors,2025-04-01 08:00:00
2025,5,Telangana,South India,0.0,610.2,0.0,0.0,0.0,610.2,1350.0,0.89,0.54,427.14,512.57,29.4,24.1,135.0,5.4,20100.00,58000.00,PLT_TS_11,TS_Wind_11,Wind,State Grid,2025-05-01 08:00:00
2025,6,Telangana,South India,0.0,690.3,0.0,0.0,0.0,690.3,1350.0,0.92,0.63,483.21,579.85,27.8,27.3,310.0,4.9,20600.00,65500.00,PLT_TS_11,TS_Wind_11,Wind,State Grid,2025-06-01 08:00:00
2025,7,Telangana,South India,0.0,730.8,0.0,0.0,0.0,730.8,1350.0,0.94,0.67,511.56,613.87,26.5,29.1,430.0,3.9,20800.00,69500.00,PLT_TS_11,TS_Wind_11,Wind,Manual Entry,2025-07-01 08:00:00
2025,8,Telangana,South India,0.0,710.5,0.0,0.0,0.0,710.5,1350.0,NaN,0.65,497.35,596.82,26.8,28.7,360.0,5.2,20300.00,68000.00,PLT_TS_11,TS_Wind_11,Wind,State Grid,2025-08-01 08:00:00
2025,9,Telangana,South India,0.0,620.4,0.0,0.0,0.0,620.4,1350.0,0.90,0.56,434.28,521.14,27.3,23.3,230.0,5.9,19900.00,58500.00,PLT_TS_11,TS_Wind_11,Wind,SCADA,2025-09-01 08:00:00
2025,10,Telangana,South India,0.0,580.2,0.0,0.0,0.0,580.2,1350.0,0.86,0.51,406.14,487.37,26.8,20.1,170.0,6.9,NaN,54500.00,PLT_TS_11,TS_Wind_11,Wind,SCADA,2025-10-01 08:00:00
2025,11,Telangana,South India,0.0,540.1,0.0,0.0,0.0,540.1,1350.0,0.82,0.46,378.07,453.68,27.1,18.3,70.0,7.6,19300.00,50500.00,PLT_TS_11,TS_Wind_11,Wind,IoT Sensors,2025-11-01 08:00:00
2025,12,Telangana,South India,0.0,NaN,0.0,0.0,0.0,515.8,1350.0,0.78,0.42,361.06,433.27,25.3,16.6,25.0,8.2,19100.00,46500.00,PLT_TS_11,TS_Wind_11,Wind,IoT Sensors,2025-12-01 08:00:00
2024,1,Karnataka,South India,0.0,0.0,1100.5,0.0,0.0,1100.5,3000.0,0.84,0.36,770.35,924.42,25.5,5.2,8.0,8.5,30000.00,85000.00,PLT_KA_12,KA_Hydro_12,Hydro,State Grid,2024-01-01 08:00:00
2024,2,Karnataka,South India,0.0,0.0,1050.1,0.0,0.0,1050.1,3000.0,0.82,0.34,735.07,882.08,27.1,6.5,4.0,8.8,29500.00,81000.00,PLT_KA_12,KA_Hydro_12,Hydro,State Grid,2024-02-01 08:00:00
2024,3,Karnataka,South India,0.0,0.0,980.4,0.0,0.0,980.4,3000.0,0.78,0.32,686.28,823.54,30.4,7.1,0.0,9.2,29000.00,75000.00,PLT_KA_12,KA_Hydro_12,Hydro,IoT Sensors,2024-03-01 08:00:00
2024,4,Karnataka,South India,0.0,0.0,950.9,0.0,0.0,950.9,3000.0,0.75,0.31,665.63,798.76,33.2,8.0,18.0,9.5,28500.00,72000.00,PLT_KA_12,KA_Hydro_12,Hydro,IoT Sensors,2024-04-01 08:00:00
2024,5,Karnataka,South India,0.0,0.0,1000.2,0.0,0.0,1000.2,3000.0,0.79,0.33,700.14,840.17,34.1,10.2,90.0,8.0,29200.00,76000.00,PLT_KA_12,KA_Hydro_12,Hydro,State Grid,2024-05-01 08:00:00
2024,6,Karnataka,South India,0.0,0.0,1200.3,0.0,0.0,1200.3,3000.0,0.90,0.40,840.21,1008.25,30.5,12.5,280.0,5.5,31000.00,95000.00,PLT_KA_12,KA_Hydro_12,Hydro,State Grid,2024-06-01 08:00:00
2024,7,Karnataka,South India,0.0,0.0,1400.8,0.0,0.0,1400.8,3000.0,0.95,0.46,980.56,1176.67,28.2,14.2,450.0,4.5,33000.00,110000.00,PLT_KA_12,KA_Hydro_12,Hydro,Manual Entry,2024-07-01 08:00:00
2024,8,Karnataka,South India,0.0,0.0,1420.5,0.0,0.0,1420.5,3000.0,0.96,0.47,994.35,1193.22,27.5,13.8,480.0,4.8,33500.00,112000.00,PLT_KA_12,KA_Hydro_12,Hydro,State Grid,2024-08-01 08:00:00
2024,9,Karnataka,South India,0.0,0.0,1350.4,0.0,0.0,1350.4,3000.0,0.93,0.45,945.28,1134.34,27.0,11.5,350.0,5.5,32500.00,105000.00,PLT_KA_12,KA_Hydro_12,Hydro,SCADA,2024-09-01 08:00:00
2024,10,Karnataka,South India,0.0,0.0,1250.2,0.0,0.0,1250.2,3000.0,0.89,0.41,875.14,1050.17,26.5,9.2,200.0,6.5,31500.00,98000.00,PLT_KA_12,KA_Hydro_12,Hydro,SCADA,2024-10-01 08:00:00
2024,11,Karnataka,South India,0.0,0.0,1180.1,0.0,0.0,1180.1,3000.0,0.86,0.39,826.07,991.28,25.8,7.5,80.0,7.2,30500.00,90000.00,PLT_KA_12,KA_Hydro_12,Hydro,IoT Sensors,2024-11-01 08:00:00
2024,12,Karnataka,South India,0.0,0.0,1120.8,0.0,0.0,1120.8,3000.0,0.85,0.37,784.56,941.47,25.0,6.2,30.0,8.0,30200.00,87000.00,PLT_KA_12,KA_Hydro_12,Hydro,IoT Sensors,2024-12-01 08:00:00
2025,1,Karnataka,South India,0.0,0.0,1110.5,0.0,0.0,1110.5,3100.0,0.85,0.36,777.35,932.82,25.8,5.5,10.0,8.6,30200.00,86000.00,PLT_KA_12,KA_Hydro_12,Hydro,State Grid,2025-01-01 08:00:00
2025,2,Karnataka,South India,0.0,0.0,1060.1,0.0,0.0,1060.1,3100.0,0.83,0.34,742.07,890.48,27.4,6.8,5.0,8.9,29700.00,82000.00,PLT_KA_12,KA_Hydro_12,Hydro,State Grid,2025-02-01 08:00:00
2025,3,Karnataka,South India,0.0,0.0,990.4,0.0,0.0,990.4,3100.0,0.79,0.32,693.28,831.94,30.7,7.4,0.0,9.3,29200.00,76000.00,PLT_KA_12,KA_Hydro_12,Hydro,IoT Sensors,2025-03-01 08:00:00
2025,4,Karnataka,South India,0.0,0.0,960.9,0.0,0.0,960.9,3100.0,0.76,0.31,672.63,807.16,33.5,8.3,20.0,9.6,28700.00,73000.00,PLT_KA_12,KA_Hydro_12,Hydro,IoT Sensors,2025-04-01 08:00:00
2025,5,Karnataka,South India,0.0,0.0,1010.2,0.0,0.0,1010.2,3100.0,NaN,0.33,707.14,848.57,34.4,10.5,100.0,8.1,29400.00,77000.00,PLT_KA_12,KA_Hydro_12,Hydro,State Grid,2025-05-01 08:00:00
2025,6,Karnataka,South India,0.0,0.0,1210.3,0.0,0.0,1210.3,3100.0,0.91,0.40,847.21,1016.65,30.8,12.8,290.0,5.6,31200.00,96000.00,PLT_KA_12,KA_Hydro_12,Hydro,State Grid,2025-06-01 08:00:00
2025,7,Karnataka,South India,0.0,0.0,1410.8,0.0,0.0,1410.8,3100.0,0.96,0.46,987.56,1185.07,28.5,14.5,460.0,NaN,33200.00,111000.00,PLT_KA_12,KA_Hydro_12,Hydro,Manual Entry,2025-07-01 08:00:00
2025,8,Karnataka,South India,0.0,0.0,1430.5,0.0,0.0,1430.5,3100.0,0.97,0.47,1001.35,1201.62,27.8,14.1,490.0,4.9,33700.00,113000.00,PLT_KA_12,KA_Hydro_12,Hydro,State Grid,2025-08-01 08:00:00
2025,9,Karnataka,South India,0.0,0.0,1360.4,0.0,0.0,1360.4,3100.0,0.94,0.45,952.28,1142.74,27.3,11.8,360.0,5.6,32700.00,106000.00,PLT_KA_12,KA_Hydro_12,Hydro,SCADA,2025-09-01 08:00:00
2025,10,Karnataka,South India,0.0,0.0,1260.2,0.0,0.0,1260.2,3100.0,0.90,0.41,882.14,1058.57,26.8,9.5,210.0,6.6,31700.00,99000.00,PLT_KA_12,KA_Hydro_12,Hydro,SCADA,2025-10-01 08:00:00
2025,11,Karnataka,South India,0.0,0.0,1190.1,0.0,0.0,1190.1,3100.0,0.87,0.39,833.07,999.68,26.1,7.8,90.0,7.3,30700.00,91000.00,PLT_KA_12,KA_Hydro_12,Hydro,IoT Sensors,2025-11-01 08:00:00
2025,12,Karnataka,South India,0.0,0.0,1130.8,0.0,0.0,1130.8,3100.0,0.86,0.37,791.56,949.87,25.3,6.5,40.0,8.1,30400.00,88000.00,PLT_KA_12,KA_Hydro_12,Hydro,IoT Sensors,2025-12-01 08:00:00
2024,1,Kerala,South India,0.0,0.0,0.0,0.0,200.5,200.5,600.0,0.85,0.33,140.35,168.42,26.5,7.2,15.0,7.5,16000.00,38000.00,PLT_KL_13,KL_Bio_13,Biomass,State Grid,2024-01-01 08:00:00
2024,2,Kerala,South India,0.0,0.0,0.0,0.0,205.1,205.1,600.0,0.87,0.34,143.57,172.28,27.1,NaN,12.0,8.2,16200.00,38500.00,PLT_KL_13,KL_Bio_13,Biomass,State Grid,2024-02-01 08:00:00
2024,3,Kerala,South India,0.0,0.0,0.0,0.0,195.4,195.4,600.0,0.83,0.32,136.78,164.14,28.4,8.1,20.0,9.5,15800.00,37000.00,PLT_KL_13,KL_Bio_13,Biomass,IoT Sensors,2024-03-01 08:00:00
2024,4,Kerala,South India,0.0,0.0,0.0,0.0,210.9,210.9,600.0,0.89,0.35,147.63,177.16,29.2,9.0,45.0,10.2,16500.00,39000.00,PLT_KL_13,KL_Bio_13,Biomass,IoT Sensors,2024-04-01 08:00:00
2024,5,Kerala,South India,0.0,0.0,0.0,0.0,208.2,208.2,600.0,NaN,0.34,145.74,174.89,30.1,10.2,145.0,10.0,NaN,38200.00,PLT_KL_13,KL_Bio_13,Biomass,State Grid,2024-05-01 08:00:00
2024,6,Kerala,South India,0.0,0.0,0.0,0.0,202.3,202.3,600.0,0.86,0.33,141.61,169.93,28.5,12.5,320.0,6.5,16000.00,38000.00,PLT_KL_13,KL_Bio_13,Biomass,State Grid,2024-06-01 08:00:00
2024,7,Kerala,South India,0.0,0.0,0.0,0.0,200.8,200.8,600.0,0.85,0.33,140.56,168.67,27.2,14.2,450.0,NaN,15900.00,NaN,PLT_KL_13,KL_Bio_13,Biomass,Manual Entry,2024-07-01 08:00:00
2024,8,Kerala,South India,0.0,0.0,0.0,0.0,204.5,204.5,600.0,0.86,0.34,143.15,171.78,27.5,13.8,380.0,5.8,16100.00,38100.00,PLT_KL_13,KL_Bio_13,Biomass,State Grid,2024-08-01 08:00:00
2024,9,Kerala,South India,0.0,0.0,0.0,0.0,208.4,208.4,600.0,0.88,0.35,145.88,175.06,28.0,11.5,250.0,7.0,16400.00,38800.00,PLT_KL_13,KL_Bio_13,Biomass,SCADA,2024-09-01 08:00:00
2024,10,Kerala,South India,0.0,0.0,0.0,0.0,NaN,203.2,600.0,0.86,0.33,142.24,170.69,27.5,9.2,180.0,6.5,16200.00,38200.00,PLT_KL_13,KL_Bio_13,Biomass,SCADA,2024-10-01 08:00:00
2024,11,Kerala,South India,0.0,0.0,0.0,0.0,201.1,201.1,600.0,0.85,0.33,140.77,168.92,27.8,7.5,80.0,7.2,16000.00,38000.00,PLT_KL_13,KL_Bio_13,Biomass,IoT Sensors,2024-11-01 08:00:00
2024,12,Kerala,South India,0.0,0.0,0.0,0.0,198.8,198.8,600.0,0.84,0.33,139.16,166.99,26.0,6.2,30.0,7.5,15900.00,37800.00,PLT_KL_13,KL_Bio_13,Biomass,IoT Sensors,2024-12-01 08:00:00
2025,1,Kerala,South India,0.0,0.0,0.0,0.0,202.5,202.5,620.0,0.86,0.33,141.75,170.10,26.8,7.5,18.0,7.6,16100.00,38500.00,PLT_KL_13,KL_Bio_13,Biomass,State Grid,2025-01-01 08:00:00
2025,2,Kerala,South India,0.0,0.0,0.0,0.0,207.1,207.1,620.0,0.88,0.34,144.97,173.96,27.4,NaN,15.0,8.4,16300.00,39000.00,PLT_KL_13,KL_Bio_13,Biomass,State Grid,2025-02-01 08:00:00
2025,3,Kerala,South India,0.0,0.0,0.0,0.0,197.4,197.4,620.0,0.84,0.32,138.18,165.82,28.7,8.4,25.0,9.7,15900.00,37500.00,PLT_KL_13,KL_Bio_13,Biomass,IoT Sensors,2025-03-01 08:00:00
2025,4,Kerala,South India,0.0,0.0,0.0,0.0,212.9,212.9,620.0,0.90,0.35,149.03,178.84,29.5,9.3,50.0,10.5,16600.00,39500.00,PLT_KL_13,KL_Bio_13,Biomass,IoT Sensors,2025-04-01 08:00:00
2025,5,Kerala,South India,0.0,0.0,0.0,0.0,210.2,210.2,620.0,NaN,0.34,147.14,176.57,30.4,10.5,155.0,10.2,NaN,38800.00,PLT_KL_13,KL_Bio_13,Biomass,State Grid,2025-05-01 08:00:00
2025,6,Kerala,South India,0.0,0.0,0.0,0.0,204.3,204.3,620.0,0.87,0.33,143.01,171.61,28.8,12.8,330.0,6.8,16100.00,38500.00,PLT_KL_13,KL_Bio_13,Biomass,State Grid,2025-06-01 08:00:00
2025,7,Kerala,South India,0.0,0.0,0.0,0.0,202.8,202.8,620.0,0.86,0.33,141.96,170.35,27.5,14.5,460.0,NaN,16000.00,NaN,PLT_KL_13,KL_Bio_13,Biomass,Manual Entry,2025-07-01 08:00:00
2025,8,Kerala,South India,0.0,0.0,0.0,0.0,206.5,206.5,620.0,0.87,0.34,144.55,173.46,27.8,14.1,390.0,6.0,16200.00,38600.00,PLT_KL_13,KL_Bio_13,Biomass,State Grid,2025-08-01 08:00:00
2025,9,Kerala,South India,0.0,0.0,0.0,0.0,210.4,210.4,620.0,0.89,0.35,147.28,176.74,28.3,11.8,260.0,7.2,16500.00,39200.00,PLT_KL_13,KL_Bio_13,Biomass,SCADA,2025-09-01 08:00:00
2025,10,Kerala,South India,0.0,0.0,0.0,0.0,NaN,205.2,620.0,0.87,0.34,143.64,172.37,27.8,9.5,190.0,6.8,16300.00,38800.00,PLT_KL_13,KL_Bio_13,Biomass,SCADA,2025-10-01 08:00:00
2025,11,Kerala,South India,0.0,0.0,0.0,0.0,203.1,203.1,620.0,0.86,0.33,142.17,170.60,28.1,7.8,85.0,7.5,16100.00,38500.00,PLT_KL_13,KL_Bio_13,Biomass,IoT Sensors,2025-11-01 08:00:00
2025,12,Kerala,South India,0.0,0.0,0.0,0.0,200.8,200.8,620.0,0.85,0.33,140.56,168.67,26.3,6.5,35.0,7.8,16000.00,38200.00,PLT_KL_13,KL_Bio_13,Biomass,IoT Sensors,2025-12-01 08:00:00
2024,1,Tamil Nadu,South India,0.0,0.0,0.0,110.5,0.0,110.5,150.0,0.92,0.74,77.35,92.82,26.8,6.5,12.0,8.6,11000.00,22000.00,PLT_TN_14,TN_Geo_14,Geothermal,State Grid,2024-01-01 08:00:00
2024,2,Tamil Nadu,South India,0.0,0.0,0.0,112.1,0.0,112.1,150.0,0.93,0.75,78.47,94.16,28.4,7.8,6.0,8.9,11100.00,22200.00,PLT_TN_14,TN_Geo_14,Geothermal,State Grid,2024-02-01 08:00:00
2024,3,Tamil Nadu,South India,0.0,0.0,0.0,108.4,0.0,108.4,150.0,0.90,0.72,75.88,91.06,31.7,8.4,0.0,9.3,10900.00,21800.00,PLT_TN_14,TN_Geo_14,Geothermal,IoT Sensors,2024-03-01 08:00:00
2024,4,Tamil Nadu,South India,0.0,0.0,0.0,113.9,0.0,113.9,150.0,0.94,0.76,79.73,95.68,34.5,9.3,25.0,9.6,11200.00,22500.00,PLT_TN_14,TN_Geo_14,Geothermal,IoT Sensors,2024-04-01 08:00:00
2024,5,Tamil Nadu,South India,0.0,0.0,0.0,111.2,0.0,111.2,150.0,0.92,0.74,77.84,93.41,35.4,11.5,110.0,8.1,11000.00,22000.00,PLT_TN_14,TN_Geo_14,Geothermal,State Grid,2024-05-01 08:00:00
2024,6,Tamil Nadu,South India,0.0,0.0,0.0,109.3,0.0,109.3,150.0,0.91,0.73,76.51,91.81,31.8,13.8,320.0,5.6,10800.00,21500.00,PLT_TN_14,TN_Geo_14,Geothermal,State Grid,2024-06-01 08:00:00
2024,7,Tamil Nadu,South India,0.0,0.0,0.0,108.8,0.0,108.8,150.0,0.90,0.72,76.16,91.39,29.5,15.5,520.0,4.5,10700.00,21400.00,PLT_TN_14,TN_Geo_14,Geothermal,Manual Entry,2024-07-01 08:00:00
2024,8,Tamil Nadu,South India,0.0,0.0,0.0,110.5,0.0,110.5,150.0,0.92,0.74,77.35,92.82,28.8,15.1,540.0,4.9,11000.00,22000.00,PLT_TN_14,TN_Geo_14,Geothermal,State Grid,2024-08-01 08:00:00
2024,9,Tamil Nadu,South India,0.0,0.0,0.0,112.4,0.0,112.4,150.0,0.94,0.75,78.68,94.42,28.3,12.8,420.0,5.6,11100.00,22300.00,PLT_TN_14,TN_Geo_14,Geothermal,SCADA,2024-09-01 08:00:00
2024,10,Tamil Nadu,South India,0.0,0.0,0.0,111.2,0.0,111.2,150.0,0.92,0.74,77.84,93.41,27.8,10.5,270.0,6.6,11000.00,22000.00,PLT_TN_14,TN_Geo_14,Geothermal,SCADA,2024-10-01 08:00:00
2024,11,Tamil Nadu,South India,0.0,0.0,0.0,109.1,0.0,109.1,150.0,0.91,0.73,76.37,91.64,27.1,8.8,110.0,7.3,10800.00,21600.00,PLT_TN_14,TN_Geo_14,Geothermal,IoT Sensors,2024-11-01 08:00:00
2024,12,Tamil Nadu,South India,0.0,0.0,0.0,110.8,0.0,110.8,150.0,0.92,0.74,77.56,93.07,26.3,7.5,50.0,8.1,11000.00,22000.00,PLT_TN_14,TN_Geo_14,Geothermal,IoT Sensors,2024-12-01 08:00:00
2025,1,Tamil Nadu,South India,0.0,0.0,0.0,111.5,0.0,111.5,155.0,0.92,0.74,78.05,93.66,27.1,6.8,15.0,8.8,11100.00,22200.00,PLT_TN_14,TN_Geo_14,Geothermal,State Grid,2025-01-01 08:00:00
2025,2,Tamil Nadu,South India,0.0,0.0,0.0,113.1,0.0,113.1,155.0,0.94,0.75,79.17,95.00,28.7,8.1,8.0,9.1,11200.00,22400.00,PLT_TN_14,TN_Geo_14,Geothermal,State Grid,2025-02-01 08:00:00
2025,3,Tamil Nadu,South India,0.0,0.0,0.0,109.4,0.0,109.4,155.0,0.91,0.72,76.58,91.90,32.0,8.7,2.0,9.5,11000.00,22000.00,PLT_TN_14,TN_Geo_14,Geothermal,IoT Sensors,2025-03-01 08:00:00
2025,4,Tamil Nadu,South India,0.0,0.0,0.0,114.9,0.0,114.9,155.0,0.95,0.76,80.43,96.52,34.8,9.6,28.0,9.8,11300.00,22700.00,PLT_TN_14,TN_Geo_14,Geothermal,IoT Sensors,2025-04-01 08:00:00
2025,5,Tamil Nadu,South India,0.0,0.0,0.0,112.2,0.0,112.2,155.0,0.93,0.74,78.54,94.25,35.7,11.8,115.0,8.3,11100.00,22200.00,PLT_TN_14,TN_Geo_14,Geothermal,State Grid,2025-05-01 08:00:00
2025,6,Tamil Nadu,South India,0.0,0.0,0.0,110.3,0.0,110.3,155.0,0.92,0.73,77.21,92.65,32.1,14.1,330.0,5.8,10900.00,21700.00,PLT_TN_14,TN_Geo_14,Geothermal,State Grid,2025-06-01 08:00:00
2025,7,Tamil Nadu,South India,0.0,0.0,0.0,109.8,0.0,109.8,155.0,0.91,0.72,76.86,92.23,29.8,15.8,530.0,4.7,10800.00,21600.00,PLT_TN_14,TN_Geo_14,Geothermal,Manual Entry,2025-07-01 08:00:00
2025,8,Tamil Nadu,South India,0.0,0.0,0.0,111.5,0.0,111.5,155.0,0.93,0.74,78.05,93.66,29.1,15.4,550.0,5.1,11100.00,22200.00,PLT_TN_14,TN_Geo_14,Geothermal,State Grid,2025-08-01 08:00:00
2025,9,Tamil Nadu,South India,0.0,0.0,0.0,113.4,0.0,113.4,155.0,0.95,0.75,79.38,95.26,28.6,13.1,430.0,5.8,11200.00,22500.00,PLT_TN_14,TN_Geo_14,Geothermal,SCADA,2025-09-01 08:00:00
2025,10,Tamil Nadu,South India,0.0,0.0,0.0,112.2,0.0,112.2,155.0,0.93,0.74,78.54,94.25,28.1,10.8,280.0,6.8,11100.00,22200.00,PLT_TN_14,TN_Geo_14,Geothermal,SCADA,2025-10-01 08:00:00
2025,11,Tamil Nadu,South India,0.0,0.0,0.0,110.1,0.0,110.1,155.0,0.92,0.73,77.07,92.48,27.4,9.1,120.0,7.5,10900.00,21800.00,PLT_TN_14,TN_Geo_14,Geothermal,IoT Sensors,2025-11-01 08:00:00
2025,12,Tamil Nadu,South India,0.0,0.0,0.0,111.8,0.0,111.8,155.0,0.93,0.74,78.26,93.91,26.6,7.8,60.0,8.3,11100.00,22200.00,PLT_TN_14,TN_Geo_14,Geothermal,IoT Sensors,2025-12-01 08:00:00
2024,1,Andhra Pradesh,South India,0.0,0.0,900.5,0.0,0.0,900.5,2500.0,0.85,0.36,630.35,756.42,28.5,7.2,12.0,8.5,25000.00,70000.00,PLT_AP_15,AP_Hydro_15,Hydro,State Grid,2024-01-01 08:00:00
2024,2,Andhra Pradesh,South India,0.0,0.0,850.1,0.0,0.0,850.1,2500.0,0.82,0.34,595.07,714.08,30.1,NaN,8.0,9.2,24500.00,66000.00,PLT_AP_15,AP_Hydro_15,Hydro,State Grid,2024-02-01 08:00:00
2024,3,Andhra Pradesh,South India,0.0,0.0,800.4,0.0,0.0,800.4,2500.0,0.78,0.32,560.28,672.34,34.4,8.1,0.0,10.5,24000.00,62000.00,PLT_AP_15,AP_Hydro_15,Hydro,IoT Sensors,2024-03-01 08:00:00
2024,4,Andhra Pradesh,South India,0.0,0.0,780.9,0.0,0.0,780.9,2500.0,0.76,0.31,546.63,655.96,37.2,9.0,25.0,11.2,23500.00,60000.00,PLT_AP_15,AP_Hydro_15,Hydro,IoT Sensors,2024-04-01 08:00:00
2024,5,Andhra Pradesh,South India,0.0,0.0,820.2,0.0,0.0,820.2,2500.0,0.80,0.33,574.14,688.97,38.1,10.2,110.0,11.0,24200.00,64000.00,PLT_AP_15,AP_Hydro_15,Hydro,State Grid,2024-05-01 08:00:00
2024,6,Andhra Pradesh,South India,0.0,0.0,1050.3,0.0,0.0,1050.3,2500.0,0.92,0.42,735.21,882.25,35.5,12.5,350.0,7.5,26000.00,82000.00,PLT_AP_15,AP_Hydro_15,Hydro,State Grid,2024-06-01 08:00:00
2024,7,Andhra Pradesh,South India,0.0,0.0,1200.8,0.0,0.0,1200.8,2500.0,0.95,0.48,840.56,1008.67,33.2,13.2,550.0,NaN,28000.00,95000.00,PLT_AP_15,AP_Hydro_15,Hydro,Manual Entry,2024-07-01 08:00:00
2024,8,Andhra Pradesh,South India,0.0,0.0,1250.5,0.0,0.0,1250.5,2500.0,0.96,0.50,875.35,1050.42,32.5,12.8,580.0,6.8,28500.00,98000.00,PLT_AP_15,AP_Hydro_15,Hydro,State Grid,2024-08-01 08:00:00
2024,9,Andhra Pradesh,South India,0.0,0.0,1150.4,0.0,0.0,1150.4,2500.0,0.94,0.46,805.28,966.34,33.0,11.5,450.0,8.0,27500.00,90000.00,PLT_AP_15,AP_Hydro_15,Hydro,SCADA,2024-09-01 08:00:00
2024,10,Andhra Pradesh,South India,0.0,0.0,1080.2,0.0,0.0,1080.2,2500.0,0.90,0.43,756.14,907.37,31.5,9.2,300.0,7.5,26500.00,85000.00,PLT_AP_15,AP_Hydro_15,Hydro,SCADA,2024-10-01 08:00:00
2024,11,Andhra Pradesh,South India,0.0,0.0,1000.1,0.0,0.0,1000.1,2500.0,0.88,0.40,700.07,840.08,29.8,8.5,150.0,8.2,25500.00,78000.00,PLT_AP_15,AP_Hydro_15,Hydro,IoT Sensors,2024-11-01 08:00:00
2024,12,Andhra Pradesh,South India,0.0,0.0,950.8,0.0,0.0,950.8,2500.0,0.86,0.38,665.56,798.67,28.0,7.8,60.0,8.5,25200.00,74000.00,PLT_AP_15,AP_Hydro_15,Hydro,IoT Sensors,2024-12-01 08:00:00
2025,1,Andhra Pradesh,South India,0.0,0.0,910.5,0.0,0.0,910.5,2550.0,0.86,0.36,637.35,764.82,28.8,7.5,15.0,8.6,25200.00,71000.00,PLT_AP_15,AP_Hydro_15,Hydro,State Grid,2025-01-01 08:00:00
2025,2,Andhra Pradesh,South India,0.0,0.0,860.1,0.0,0.0,860.1,2550.0,0.83,0.34,602.07,722.48,30.5,8.0,10.0,9.4,24700.00,67000.00,PLT_AP_15,AP_Hydro_15,Hydro,State Grid,2025-02-01 08:00:00
2025,3,Andhra Pradesh,South India,0.0,0.0,810.4,0.0,0.0,810.4,2550.0,0.79,0.32,567.28,680.74,34.8,8.4,0.0,10.7,24200.00,63000.00,PLT_AP_15,AP_Hydro_15,Hydro,IoT Sensors,2025-03-01 08:00:00
2025,4,Andhra Pradesh,South India,0.0,0.0,790.9,0.0,0.0,790.9,2550.0,0.77,0.31,553.63,664.36,37.5,9.3,30.0,11.5,23700.00,61000.00,PLT_AP_15,AP_Hydro_15,Hydro,IoT Sensors,2025-04-01 08:00:00
2025,5,Andhra Pradesh,South India,0.0,0.0,830.2,0.0,0.0,830.2,2550.0,NaN,0.33,581.14,697.37,38.5,10.5,120.0,11.2,24400.00,65000.00,PLT_AP_15,AP_Hydro_15,Hydro,State Grid,2025-05-01 08:00:00
2025,6,Andhra Pradesh,South India,0.0,0.0,1060.3,0.0,0.0,1060.3,2550.0,0.93,0.42,742.21,890.65,35.8,12.8,360.0,7.8,26200.00,83000.00,PLT_AP_15,AP_Hydro_15,Hydro,State Grid,2025-06-01 08:00:00
2025,7,Andhra Pradesh,South India,0.0,0.0,1210.8,0.0,0.0,1210.8,2550.0,0.96,0.48,847.56,1017.07,33.5,13.5,560.0,NaN,28200.00,96000.00,PLT_AP_15,AP_Hydro_15,Hydro,Manual Entry,2025-07-01 08:00:00
2025,8,Andhra Pradesh,South India,0.0,0.0,1260.5,0.0,0.0,1260.5,2550.0,0.97,0.50,882.35,1058.82,32.8,13.1,590.0,7.0,28700.00,99000.00,PLT_AP_15,AP_Hydro_15,Hydro,State Grid,2025-08-01 08:00:00
2025,9,Andhra Pradesh,South India,0.0,0.0,1160.4,0.0,0.0,1160.4,2550.0,0.95,0.46,812.28,974.74,33.5,11.8,460.0,8.2,27700.00,91000.00,PLT_AP_15,AP_Hydro_15,Hydro,SCADA,2025-09-01 08:00:00
2025,10,Andhra Pradesh,South India,0.0,0.0,1090.2,0.0,0.0,1090.2,2550.0,0.91,0.43,763.14,915.77,31.8,9.5,310.0,7.8,26700.00,86000.00,PLT_AP_15,AP_Hydro_15,Hydro,SCADA,2025-10-01 08:00:00
2025,11,Andhra Pradesh,South India,0.0,0.0,1010.1,0.0,0.0,1010.1,2550.0,0.89,0.40,707.07,848.48,30.2,8.8,160.0,8.5,25700.00,79000.00,PLT_AP_15,AP_Hydro_15,Hydro,IoT Sensors,2025-11-01 08:00:00
2025,12,Andhra Pradesh,South India,0.0,0.0,960.8,0.0,0.0,960.8,2550.0,0.87,0.38,672.56,807.07,28.5,8.1,70.0,8.8,25400.00,75000.00,PLT_AP_15,AP_Hydro_15,Hydro,IoT Sensors,2025-12-01 08:00:00
2024,1,Telangana,South India,0.0,0.0,0.0,0.0,160.5,160.5,500.0,0.88,0.32,112.35,134.82,25.5,16.5,10.0,7.8,15500.00,36000.00,PLT_TS_16,TS_Bio_16,Biomass,State Grid,2024-01-01 08:00:00
2024,2,Telangana,South India,0.0,0.0,0.0,0.0,165.1,165.1,500.0,0.89,0.33,115.57,138.68,26.1,17.8,8.0,7.5,15700.00,36500.00,PLT_TS_16,TS_Bio_16,Biomass,State Grid,2024-02-01 08:00:00
2024,3,Telangana,South India,0.0,0.0,0.0,0.0,158.4,158.4,500.0,0.86,0.32,110.88,133.06,27.4,18.4,15.0,6.8,15300.00,35000.00,PLT_TS_16,TS_Bio_16,Biomass,IoT Sensors,2024-03-01 08:00:00
2024,4,Telangana,South India,0.0,0.0,0.0,0.0,170.9,170.9,500.0,0.92,0.34,119.63,143.56,28.2,15.3,35.0,6.5,16000.00,37000.00,PLT_TS_16,TS_Bio_16,Biomass,IoT Sensors,2024-04-01 08:00:00
2024,5,Telangana,South India,0.0,0.0,0.0,0.0,168.2,168.2,500.0,0.90,0.34,117.74,141.29,29.1,23.5,125.0,5.3,15800.00,36500.00,PLT_TS_16,TS_Bio_16,Biomass,State Grid,2024-05-01 08:00:00
2024,6,Telangana,South India,0.0,0.0,0.0,0.0,162.3,162.3,500.0,0.89,0.32,113.61,136.33,27.5,26.8,300.0,4.8,15500.00,36000.00,PLT_TS_16,TS_Bio_16,Biomass,State Grid,2024-06-01 08:00:00
2024,7,Telangana,South India,0.0,0.0,0.0,0.0,160.8,160.8,500.0,0.88,0.32,112.56,135.07,26.2,28.5,420.0,NaN,15400.00,NaN,PLT_TS_16,TS_Bio_16,Biomass,Manual Entry,2024-07-01 08:00:00
2024,8,Telangana,South India,0.0,0.0,0.0,0.0,164.5,164.5,500.0,0.89,0.33,115.15,138.18,26.5,28.1,350.0,5.1,15600.00,36100.00,PLT_TS_16,TS_Bio_16,Biomass,State Grid,2024-08-01 08:00:00
2024,9,Telangana,South India,0.0,0.0,0.0,0.0,168.4,168.4,500.0,0.91,0.34,117.88,141.46,27.0,22.8,220.0,5.8,15900.00,36800.00,PLT_TS_16,TS_Bio_16,Biomass,SCADA,2024-09-01 08:00:00
2024,10,Telangana,South India,0.0,0.0,0.0,0.0,163.2,163.2,500.0,0.89,0.33,114.24,137.09,26.5,19.5,160.0,6.8,15700.00,36200.00,PLT_TS_16,TS_Bio_16,Biomass,SCADA,2024-10-01 08:00:00
2024,11,Telangana,South India,0.0,0.0,0.0,0.0,161.1,161.1,500.0,0.88,0.32,112.77,135.32,26.8,17.8,60.0,7.5,15500.00,36000.00,PLT_TS_16,TS_Bio_16,Biomass,IoT Sensors,2024-11-01 08:00:00
2024,12,Telangana,South India,0.0,0.0,0.0,0.0,158.8,158.8,500.0,0.87,0.32,111.16,133.39,25.0,16.1,20.0,8.1,15400.00,35800.00,PLT_TS_16,TS_Bio_16,Biomass,IoT Sensors,2024-12-01 08:00:00
2025,1,Telangana,South India,0.0,0.0,0.0,0.0,162.5,162.5,520.0,0.89,0.31,113.75,136.50,25.8,16.8,12.0,7.9,15600.00,36500.00,PLT_TS_16,TS_Bio_16,Biomass,State Grid,2025-01-01 08:00:00
2025,2,Telangana,South India,0.0,0.0,0.0,0.0,167.1,167.1,520.0,0.90,0.32,116.97,140.36,26.4,NaN,10.0,7.6,15800.00,37000.00,PLT_TS_16,TS_Bio_16,Biomass,State Grid,2025-02-01 08:00:00
2025,3,Telangana,South India,0.0,0.0,0.0,0.0,160.4,160.4,520.0,0.87,0.31,112.28,134.74,27.7,18.8,18.0,6.9,15400.00,35500.00,PLT_TS_16,TS_Bio_16,Biomass,IoT Sensors,2025-03-01 08:00:00
2025,4,Telangana,South India,0.0,0.0,0.0,0.0,172.9,172.9,520.0,0.93,0.33,121.03,145.24,28.5,15.8,40.0,6.6,16100.00,37500.00,PLT_TS_16,TS_Bio_16,Biomass,IoT Sensors,2025-04-01 08:00:00
2025,5,Telangana,South India,0.0,0.0,0.0,0.0,170.2,170.2,520.0,NaN,0.33,119.14,142.97,29.4,24.1,135.0,5.4,NaN,37000.00,PLT_TS_16,TS_Bio_16,Biomass,State Grid,2025-05-01 08:00:00
2025,6,Telangana,South India,0.0,0.0,0.0,0.0,164.3,164.3,520.0,0.90,0.32,115.01,138.01,27.8,27.3,310.0,4.9,15600.00,36500.00,PLT_TS_16,TS_Bio_16,Biomass,State Grid,2025-06-01 08:00:00
2025,7,Telangana,South India,0.0,0.0,0.0,0.0,162.8,162.8,520.0,0.89,0.31,113.96,136.75,26.5,29.1,430.0,NaN,15500.00,NaN,PLT_TS_16,TS_Bio_16,Biomass,Manual Entry,2025-07-01 08:00:00
2025,8,Telangana,South India,0.0,0.0,0.0,0.0,166.5,166.5,520.0,0.90,0.32,116.55,139.86,26.8,28.7,360.0,5.2,15700.00,36600.00,PLT_TS_16,TS_Bio_16,Biomass,State Grid,2025-08-01 08:00:00
2025,9,Telangana,South India,0.0,0.0,0.0,0.0,170.4,170.4,520.0,0.92,0.33,119.28,143.14,27.3,23.3,230.0,5.9,16000.00,37200.00,PLT_TS_16,TS_Bio_16,Biomass,SCADA,2025-09-01 08:00:00
2025,10,Telangana,South India,0.0,0.0,0.0,0.0,NaN,165.2,520.0,0.90,0.32,115.64,138.77,26.8,20.1,170.0,6.9,15800.00,36800.00,PLT_TS_16,TS_Bio_16,Biomass,SCADA,2025-10-01 08:00:00
2025,11,Telangana,South India,0.0,0.0,0.0,0.0,163.1,163.1,520.0,0.89,0.31,114.17,137.00,27.1,18.3,70.0,7.6,15600.00,36500.00,PLT_TS_16,TS_Bio_16,Biomass,IoT Sensors,2025-11-01 08:00:00
2025,12,Telangana,South India,0.0,0.0,0.0,0.0,160.8,160.8,520.0,0.88,0.31,112.56,135.07,25.3,16.6,25.0,8.2,15500.00,36200.00,PLT_TS_16,TS_Bio_16,Biomass,IoT Sensors,2025-12-01 08:00:00
2024,1,Karnataka,South India,750.5,0.0,0.0,0.0,0.0,750.5,2200.0,0.88,0.34,525.35,630.42,25.5,5.2,8.0,8.5,15000.00,48000.00,PLT_KA_17,KA_Solar_17,Solar,State Grid,2024-01-01 08:00:00
2024,2,Karnataka,South India,780.1,0.0,0.0,0.0,0.0,780.1,2200.0,0.90,0.35,546.07,655.28,27.1,6.5,4.0,8.8,15300.00,49500.00,PLT_KA_17,KA_Solar_17,Solar,State Grid,2024-02-01 08:00:00
2024,3,Karnataka,South India,850.4,0.0,0.0,0.0,0.0,850.4,2200.0,0.92,0.39,595.28,714.34,30.4,7.1,0.0,9.2,15500.00,54000.00,PLT_KA_17,KA_Solar_17,Solar,IoT Sensors,2024-03-01 08:00:00
2024,4,Karnataka,South India,890.9,0.0,0.0,0.0,0.0,890.9,2200.0,0.94,0.40,623.63,748.36,33.2,8.0,18.0,9.5,15700.00,57000.00,PLT_KA_17,KA_Solar_17,Solar,IoT Sensors,2024-04-01 08:00:00
2024,5,Karnataka,South India,880.2,0.0,0.0,0.0,0.0,880.2,2200.0,NaN,0.40,616.14,739.37,34.1,10.2,90.0,8.0,NaN,56500.00,PLT_KA_17,KA_Solar_17,Solar,State Grid,2024-05-01 08:00:00
2024,6,Karnataka,South India,800.3,0.0,0.0,0.0,0.0,800.3,2200.0,0.85,0.36,560.21,672.25,30.5,12.5,280.0,5.5,16500.00,51000.00,PLT_KA_17,KA_Solar_17,Solar,State Grid,2024-06-01 08:00:00
2024,7,Karnataka,South India,760.8,0.0,0.0,0.0,0.0,760.8,2200.0,0.82,0.35,532.56,639.07,28.2,14.2,450.0,NaN,17000.00,NaN,PLT_KA_17,KA_Solar_17,Solar,Manual Entry,2024-07-01 08:00:00
2024,8,Karnataka,South India,750.5,0.0,0.0,0.0,0.0,750.5,2200.0,0.81,0.34,525.35,630.42,27.5,13.8,480.0,4.8,16700.00,48500.00,PLT_KA_17,KA_Solar_17,Solar,State Grid,2024-08-01 08:00:00
2024,9,Karnataka,South India,790.4,0.0,0.0,0.0,0.0,790.4,2200.0,0.84,0.36,553.28,663.94,27.0,11.5,350.0,5.5,16000.00,50000.00,PLT_KA_17,KA_Solar_17,Solar,SCADA,2024-09-01 08:00:00
2024,10,Karnataka,South India,NaN,0.0,0.0,0.0,0.0,770.2,2200.0,0.83,0.35,539.14,646.97,26.5,9.2,200.0,6.5,15500.00,49000.00,PLT_KA_17,KA_Solar_17,Solar,SCADA,2024-10-01 08:00:00
2024,11,Karnataka,South India,760.1,0.0,0.0,0.0,0.0,760.1,2200.0,0.82,0.35,532.07,638.48,25.8,7.5,80.0,7.2,15300.00,48000.00,PLT_KA_17,KA_Solar_17,Solar,IoT Sensors,2024-11-01 08:00:00
2024,12,Karnataka,South India,745.8,0.0,0.0,0.0,0.0,745.8,2200.0,0.80,0.34,522.06,626.47,25.0,6.2,30.0,8.0,15000.00,47000.00,PLT_KA_17,KA_Solar_17,Solar,IoT Sensors,2024-12-01 08:00:00
2025,1,Karnataka,South India,760.5,0.0,0.0,0.0,0.0,760.5,2250.0,0.89,0.34,532.35,638.82,25.8,5.5,10.0,8.6,15100.00,48500.00,PLT_KA_17,KA_Solar_17,Solar,State Grid,2025-01-01 08:00:00
2025,2,Karnataka,South India,790.1,0.0,0.0,0.0,0.0,790.1,2250.0,0.91,0.35,553.07,663.68,27.4,6.8,5.0,8.9,15400.00,50200.00,PLT_KA_17,KA_Solar_17,Solar,State Grid,2025-02-01 08:00:00
2025,3,Karnataka,South India,860.4,0.0,0.0,0.0,0.0,860.4,2250.0,0.93,0.38,602.28,722.74,30.7,7.4,0.0,9.3,15600.00,54800.00,PLT_KA_17,KA_Solar_17,Solar,IoT Sensors,2025-03-01 08:00:00
2025,4,Karnataka,South India,900.9,0.0,0.0,0.0,0.0,900.9,2250.0,0.95,0.40,630.63,756.76,33.5,8.3,20.0,9.6,15800.00,57800.00,PLT_KA_17,KA_Solar_17,Solar,IoT Sensors,2025-04-01 08:00:00
2025,5,Karnataka,South India,890.2,0.0,0.0,0.0,0.0,890.2,2250.0,NaN,0.40,623.14,747.77,34.4,10.5,100.0,8.1,16000.00,57200.00,PLT_KA_17,KA_Solar_17,Solar,State Grid,2025-05-01 08:00:00
2025,6,Karnataka,South India,810.3,0.0,0.0,0.0,0.0,810.3,2250.0,0.86,0.36,567.21,680.65,30.8,12.8,290.0,5.6,16600.00,51800.00,PLT_KA_17,KA_Solar_17,Solar,State Grid,2025-06-01 08:00:00
2025,7,Karnataka,South India,770.8,0.0,0.0,0.0,0.0,770.8,2250.0,0.83,0.34,539.56,647.47,28.5,14.5,460.0,NaN,17100.00,NaN,PLT_KA_17,KA_Solar_17,Solar,Manual Entry,2025-07-01 08:00:00
2025,8,Karnataka,South India,760.5,0.0,0.0,0.0,0.0,760.5,2250.0,0.82,0.34,532.35,638.82,27.8,14.1,490.0,4.9,16800.00,49200.00,PLT_KA_17,KA_Solar_17,Solar,State Grid,2025-08-01 08:00:00
2025,9,Karnataka,South India,800.4,0.0,0.0,0.0,0.0,800.4,2250.0,0.85,0.36,560.28,672.34,27.3,11.8,360.0,5.6,16100.00,50800.00,PLT_KA_17,KA_Solar_17,Solar,SCADA,2025-09-01 08:00:00
2025,10,Karnataka,South India,NaN,0.0,0.0,0.0,0.0,780.2,2250.0,0.84,0.35,546.14,655.37,26.8,9.5,210.0,6.6,15600.00,49800.00,PLT_KA_17,KA_Solar_17,Solar,SCADA,2025-10-01 08:00:00
2025,11,Karnataka,South India,770.1,0.0,0.0,0.0,0.0,770.1,2250.0,0.83,0.34,539.07,646.88,26.1,7.8,90.0,7.3,15400.00,48800.00,PLT_KA_17,KA_Solar_17,Solar,IoT Sensors,2025-11-01 08:00:00
2025,12,Karnataka,South India,755.8,0.0,0.0,0.0,0.0,755.8,2250.0,0.81,0.34,529.06,634.87,25.3,6.5,40.0,8.1,15100.00,47800.00,PLT_KA_17,KA_Solar_17,Solar,IoT Sensors,2025-12-01 08:00:00
2024,1,Kerala,South India,0.0,380.5,0.0,0.0,0.0,380.5,1000.0,0.75,0.38,266.35,319.62,26.5,18.2,15.0,6.5,12000.00,32000.00,PLT_KL_18,KL_Wind_18,Wind,State Grid,2024-01-01 08:00:00
2024,2,Kerala,South India,0.0,390.1,0.0,0.0,0.0,390.1,1000.0,0.76,0.39,273.07,327.68,27.1,19.5,12.0,6.2,12200.00,33500.00,PLT_KL_18,KL_Wind_18,Wind,State Grid,2024-02-01 08:00:00
2024,3,Kerala,South India,0.0,400.4,0.0,0.0,0.0,400.4,1000.0,0.78,0.40,280.28,336.34,28.4,20.1,20.0,5.5,12500.00,35000.00,PLT_KL_18,KL_Wind_18,Wind,IoT Sensors,2024-03-01 08:00:00
2024,4,Kerala,South India,0.0,370.9,0.0,0.0,0.0,370.9,1000.0,NaN,0.37,259.63,311.56,29.2,17.0,45.0,5.2,12800.00,31000.00,PLT_KL_18,KL_Wind_18,Wind,IoT Sensors,2024-04-01 08:00:00
2024,5,Kerala,South India,0.0,465.2,0.0,0.0,0.0,465.2,1000.0,0.85,0.47,325.64,390.77,30.1,25.2,145.0,4.0,13000.00,42500.00,PLT_KL_18,KL_Wind_18,Wind,State Grid,2024-05-01 08:00:00
2024,6,Kerala,South India,0.0,NaN,0.0,0.0,0.0,540.3,1000.0,0.88,0.54,378.21,453.85,28.5,28.5,320.0,3.5,13500.00,49000.00,PLT_KL_18,KL_Wind_18,Wind,State Grid,2024-06-01 08:00:00
2024,7,Kerala,South India,0.0,570.8,0.0,0.0,0.0,570.8,1000.0,0.90,0.57,399.56,479.47,27.2,30.2,450.0,2.5,NaN,52000.00,PLT_KL_18,KL_Wind_18,Wind,Manual Entry,2024-07-01 08:00:00
2024,8,Kerala,South India,0.0,555.5,0.0,0.0,0.0,555.5,1000.0,0.89,0.56,388.85,466.62,27.5,29.8,380.0,3.8,13200.00,50500.00,PLT_KL_18,KL_Wind_18,Wind,State Grid,2024-08-01 08:00:00
2023,1,Andhra Pradesh,South India,0.0,0.0,0.0,0.0,150.5,150.5,500.0,0.85,0.30,105.35,126.42,28.5,8.2,10.0,8.5,15000.00,35000.00,PLT_AP_04,AP_Bio_4,Biomass,State Grid,2023-01-01 08:00:00
2023,2,Andhra Pradesh,South India,0.0,0.0,0.0,0.0,152.1,152.1,500.0,0.86,0.31,106.47,127.76,30.1,NaN,5.0,9.2,15200.00,35500.00,PLT_AP_04,AP_Bio_4,Biomass,State Grid,2023-02-01 08:00:00
2023,3,Andhra Pradesh,South India,0.0,0.0,0.0,0.0,148.4,148.4,500.0,0.84,0.29,103.88,124.66,33.4,9.1,0.0,10.5,14800.00,34000.00,PLT_AP_04,AP_Bio_4,Biomass,IoT Sensors,2023-03-01 08:00:00
2023,4,Andhra Pradesh,South India,0.0,0.0,0.0,0.0,155.9,155.9,500.0,0.87,0.32,109.13,130.96,36.2,10.0,15.0,11.2,15500.00,36000.00,PLT_AP_04,AP_Bio_4,Biomass,IoT Sensors,2023-04-01 08:00:00
2023,5,Andhra Pradesh,South India,0.0,0.0,0.0,0.0,153.2,153.2,500.0,NaN,0.31,107.24,128.69,38.1,11.2,45.0,11.0,NaN,35200.00,PLT_AP_04,AP_Bio_4,Biomass,State Grid,2023-05-01 08:00:00
2023,6,Andhra Pradesh,South India,0.0,0.0,0.0,0.0,150.3,150.3,500.0,0.85,0.30,105.21,126.25,35.5,14.5,120.0,7.5,15000.00,35000.00,PLT_AP_04,AP_Bio_4,Biomass,State Grid,2023-06-01 08:00:00
2023,7,Andhra Pradesh,South India,0.0,0.0,0.0,0.0,149.8,149.8,500.0,0.84,0.29,104.86,125.83,33.2,15.2,150.0,NaN,14900.00,NaN,PLT_AP_04,AP_Bio_4,Biomass,Manual Entry,2023-07-01 08:00:00
2023,8,Andhra Pradesh,South India,0.0,0.0,0.0,0.0,151.5,151.5,500.0,0.86,0.31,106.05,127.26,32.5,14.8,140.0,6.8,15100.00,35100.00,PLT_AP_04,AP_Bio_4,Biomass,State Grid,2023-08-01 08:00:00
2023,9,Andhra Pradesh,South India,0.0,0.0,0.0,0.0,154.4,154.4,500.0,0.87,0.32,108.08,129.70,33.0,12.5,90.0,8.0,15400.00,35800.00,PLT_AP_04,AP_Bio_4,Biomass,SCADA,2023-09-01 08:00:00
2023,10,Andhra Pradesh,South India,0.0,0.0,0.0,0.0,NaN,152.2,500.0,0.86,0.31,106.54,127.85,31.5,10.2,110.0,7.5,15200.00,35200.00,PLT_AP_04,AP_Bio_4,Biomass,SCADA,2023-10-01 08:00:00
2023,11,Andhra Pradesh,South India,0.0,0.0,0.0,0.0,150.1,150.1,500.0,0.85,0.30,105.07,126.08,29.8,9.5,60.0,8.2,15000.00,35000.00,PLT_AP_04,AP_Bio_4,Biomass,IoT Sensors,2023-11-01 08:00:00
2023,12,Andhra Pradesh,South India,0.0,0.0,0.0,0.0,149.8,149.8,500.0,0.84,0.29,104.86,125.83,28.0,8.8,20.0,8.5,14900.00,34800.00,PLT_AP_04,AP_Bio_4,Biomass,IoT Sensors,2023-12-01 08:00:00
2024,1,Andhra Pradesh,South India,0.0,0.0,0.0,0.0,152.5,152.5,520.0,0.85,0.30,106.75,128.10,28.8,8.5,12.0,8.6,15100.00,35500.00,PLT_AP_04,AP_Bio_4,Biomass,State Grid,2024-01-01 08:00:00
2024,2,Andhra Pradesh,South India,0.0,0.0,0.0,0.0,154.1,154.1,520.0,0.86,0.31,107.87,129.44,30.5,NaN,6.0,9.4,15300.00,36000.00,PLT_AP_04,AP_Bio_4,Biomass,State Grid,2024-02-01 08:00:00
2024,3,Andhra Pradesh,South India,0.0,0.0,0.0,0.0,150.4,150.4,520.0,0.84,0.29,105.28,126.34,33.8,9.5,0.0,10.7,14900.00,34500.00,PLT_AP_04,AP_Bio_4,Biomass,IoT Sensors,2024-03-01 08:00:00
2024,4,Andhra Pradesh,South India,0.0,0.0,0.0,0.0,157.9,157.9,520.0,0.88,0.33,110.53,132.64,36.5,10.5,12.0,11.5,15600.00,36500.00,PLT_AP_04,AP_Bio_4,Biomass,IoT Sensors,2024-04-01 08:00:00
2024,5,Andhra Pradesh,South India,0.0,0.0,0.0,0.0,155.2,155.2,520.0,NaN,0.32,108.64,130.37,38.5,11.8,40.0,11.2,NaN,35800.00,PLT_AP_04,AP_Bio_4,Biomass,State Grid,2024-05-01 08:00:00
2024,6,Andhra Pradesh,South India,0.0,0.0,0.0,0.0,152.3,152.3,520.0,0.85,0.30,106.61,127.93,35.8,15.0,110.0,7.8,15100.00,35500.00,PLT_AP_04,AP_Bio_4,Biomass,State Grid,2024-06-01 08:00:00
2024,7,Andhra Pradesh,South India,0.0,0.0,0.0,0.0,151.8,151.8,520.0,0.84,0.29,106.26,127.51,33.5,15.8,160.0,NaN,15000.00,NaN,PLT_AP_04,AP_Bio_4,Biomass,Manual Entry,2024-07-01 08:00:00
2024,8,Andhra Pradesh,South India,0.0,0.0,0.0,0.0,153.5,153.5,520.0,0.86,0.31,107.45,128.94,32.8,15.2,130.0,7.0,15200.00,35600.00,PLT_AP_04,AP_Bio_4,Biomass,State Grid,2024-08-01 08:00:00
2024,9,Andhra Pradesh,South India,0.0,0.0,0.0,0.0,156.4,156.4,520.0,0.87,0.32,109.48,131.38,33.5,13.0,85.0,8.2,15500.00,36200.00,PLT_AP_04,AP_Bio_4,Biomass,SCADA,2024-09-01 08:00:00
2024,10,Andhra Pradesh,South India,0.0,0.0,0.0,0.0,NaN,154.2,520.0,0.86,0.31,107.94,129.53,31.8,10.8,100.0,7.8,15300.00,35800.00,PLT_AP_04,AP_Bio_4,Biomass,SCADA,2024-10-01 08:00:00
2024,11,Andhra Pradesh,South India,0.0,0.0,0.0,0.0,152.1,152.1,520.0,0.85,0.30,106.47,127.76,30.2,9.8,55.0,8.5,15100.00,35500.00,PLT_AP_04,AP_Bio_4,Biomass,IoT Sensors,2024-11-01 08:00:00
2024,12,Andhra Pradesh,South India,0.0,0.0,0.0,0.0,151.8,151.8,520.0,0.84,0.29,106.26,127.51,28.5,9.2,25.0,8.8,15000.00,35200.00,PLT_AP_04,AP_Bio_4,Biomass,IoT Sensors,2024-12-01 08:00:00
2023,1,Telangana,South India,650.5,0.0,0.0,0.0,0.0,650.5,1800.0,0.88,0.24,455.35,546.42,28.5,7.2,5.0,8.5,13500.00,48000.00,PLT_TS_05,TS_Solar_5,Solar,State Grid,2023-01-01 08:00:00
2023,2,Telangana,South India,680.1,0.0,0.0,0.0,0.0,680.1,1800.0,0.90,0.26,476.07,571.28,30.1,NaN,2.0,9.2,13800.00,49500.00,PLT_TS_05,TS_Solar_5,Solar,State Grid,2023-02-01 08:00:00
2023,3,Telangana,South India,750.4,0.0,0.0,0.0,0.0,750.4,1800.0,0.92,0.28,525.28,630.34,35.4,8.1,0.0,10.5,14000.00,54000.00,PLT_TS_05,TS_Solar_5,Solar,IoT Sensors,2023-03-01 08:00:00
2023,4,Telangana,South India,790.9,0.0,0.0,0.0,0.0,790.9,1800.0,0.94,0.30,553.63,664.36,38.2,9.0,10.0,11.2,14200.00,57000.00,PLT_TS_05,TS_Solar_5,Solar,IoT Sensors,2023-04-01 08:00:00
2023,5,Telangana,South India,780.2,0.0,0.0,0.0,0.0,780.2,1800.0,NaN,0.29,546.14,655.37,39.1,10.2,35.0,11.0,NaN,56500.00,PLT_TS_05,TS_Solar_5,Solar,State Grid,2023-05-01 08:00:00
2023,6,Telangana,South India,700.3,0.0,0.0,0.0,0.0,700.3,1800.0,0.85,0.25,490.21,588.25,36.5,12.5,100.0,7.5,15000.00,51000.00,PLT_TS_05,TS_Solar_5,Solar,State Grid,2023-06-01 08:00:00
2023,7,Telangana,South India,660.8,0.0,0.0,0.0,0.0,660.8,1800.0,0.82,0.24,462.56,555.07,34.2,13.2,130.0,NaN,15500.00,NaN,PLT_TS_05,TS_Solar_5,Solar,Manual Entry,2023-07-01 08:00:00
2023,8,Telangana,South India,650.5,0.0,0.0,0.0,0.0,650.5,1800.0,0.81,0.23,455.35,546.42,33.5,12.8,120.0,6.8,15200.00,48500.00,PLT_TS_05,TS_Solar_5,Solar,State Grid,2023-08-01 08:00:00
2023,9,Telangana,South India,690.4,0.0,0.0,0.0,0.0,690.4,1800.0,0.84,0.25,483.28,579.94,34.0,11.5,80.0,8.0,14500.00,50000.00,PLT_TS_05,TS_Solar_5,Solar,SCADA,2023-09-01 08:00:00
2023,10,Telangana,South India,NaN,0.0,0.0,0.0,0.0,670.2,1800.0,0.83,0.24,469.14,562.97,32.5,9.2,90.0,7.5,14000.00,49000.00,PLT_TS_05,TS_Solar_5,Solar,SCADA,2023-10-01 08:00:00
2023,11,Telangana,South India,660.1,0.0,0.0,0.0,0.0,660.1,1800.0,0.82,0.24,462.07,554.48,30.8,8.5,50.0,8.2,13800.00,48000.00,PLT_TS_05,TS_Solar_5,Solar,IoT Sensors,2023-11-01 08:00:00
2023,12,Telangana,South India,645.8,0.0,0.0,0.0,0.0,645.8,1800.0,0.80,0.23,452.06,542.47,29.0,7.8,15.0,8.5,13500.00,47000.00,PLT_TS_05,TS_Solar_5,Solar,IoT Sensors,2023-12-01 08:00:00
2024,1,Telangana,South India,660.5,0.0,0.0,0.0,0.0,660.5,1850.0,0.89,0.25,462.35,554.82,28.8,7.5,8.0,8.6,13600.00,48500.00,PLT_TS_05,TS_Solar_5,Solar,State Grid,2024-01-01 08:00:00
2024,2,Telangana,South India,690.1,0.0,0.0,0.0,0.0,690.1,1850.0,0.91,0.27,483.07,579.68,30.5,NaN,5.0,9.4,13900.00,50200.00,PLT_TS_05,TS_Solar_5,Solar,State Grid,2024-02-01 08:00:00
2024,3,Telangana,South India,760.4,0.0,0.0,0.0,0.0,760.4,1850.0,0.93,0.29,532.28,638.74,35.8,8.5,0.0,10.7,14100.00,54800.00,PLT_TS_05,TS_Solar_5,Solar,IoT Sensors,2024-03-01 08:00:00
2024,4,Telangana,South India,800.9,0.0,0.0,0.0,0.0,800.9,1850.0,0.95,0.31,560.63,672.76,38.5,9.5,8.0,11.5,14300.00,57800.00,PLT_TS_05,TS_Solar_5,Solar,IoT Sensors,2024-04-01 08:00:00
2024,5,Telangana,South India,790.2,0.0,0.0,0.0,0.0,790.2,1850.0,NaN,0.30,553.14,663.77,39.5,10.8,30.0,11.2,NaN,57200.00,PLT_TS_05,TS_Solar_5,Solar,State Grid,2024-05-01 08:00:00
2024,6,Telangana,South India,710.3,0.0,0.0,0.0,0.0,710.3,1850.0,0.86,0.26,497.21,596.65,36.8,13.0,90.0,7.8,15100.00,51800.00,PLT_TS_05,TS_Solar_5,Solar,State Grid,2024-06-01 08:00:00
2024,7,Telangana,South India,670.8,0.0,0.0,0.0,0.0,670.8,1850.0,0.83,0.25,469.56,563.47,34.5,13.8,120.0,NaN,15600.00,NaN,PLT_TS_05,TS_Solar_5,Solar,Manual Entry,2024-07-01 08:00:00
2024,8,Telangana,South India,660.5,0.0,0.0,0.0,0.0,660.5,1850.0,0.82,0.24,462.35,554.82,33.8,13.4,110.0,7.0,15300.00,49200.00,PLT_TS_05,TS_Solar_5,Solar,State Grid,2024-08-01 08:00:00
2024,9,Telangana,South India,700.4,0.0,0.0,0.0,0.0,700.4,1850.0,0.85,0.26,490.28,588.34,34.5,12.0,70.0,8.2,14600.00,50800.00,PLT_TS_05,TS_Solar_5,Solar,SCADA,2024-09-01 08:00:00
2024,10,Telangana,South India,NaN,0.0,0.0,0.0,0.0,680.2,1850.0,0.84,0.25,476.14,571.37,32.8,9.8,80.0,7.8,14100.00,49800.00,PLT_TS_05,TS_Solar_5,Solar,SCADA,2024-10-01 08:00:00
2024,11,Telangana,South India,670.1,0.0,0.0,0.0,0.0,670.1,1850.0,0.83,0.25,469.07,562.88,31.2,9.0,40.0,8.5,13900.00,48800.00,PLT_TS_05,TS_Solar_5,Solar,IoT Sensors,2024-11-01 08:00:00
2024,12,Telangana,South India,655.8,0.0,0.0,0.0,0.0,655.8,1850.0,0.81,0.24,459.06,550.87,29.5,8.2,10.0,8.8,13600.00,47800.00,PLT_TS_05,TS_Solar_5,Solar,IoT Sensors,2024-12-01 08:00:00
2023,1,Karnataka,South India,0.0,450.5,0.0,0.0,0.0,450.5,1200.0,0.75,0.40,315.35,378.42,24.5,16.2,10.0,7.5,18000.00,40000.00,PLT_KA_06,KA_Wind_6,Wind,State Grid,2023-01-01 08:00:00
2023,2,Karnataka,South India,0.0,460.1,0.0,0.0,0.0,460.1,1200.0,0.76,0.41,322.07,386.48,25.1,17.5,8.0,7.2,18200.00,41500.00,PLT_KA_06,KA_Wind_6,Wind,State Grid,2023-02-01 08:00:00
2023,3,Karnataka,South India,0.0,470.4,0.0,0.0,0.0,470.4,1200.0,0.78,0.43,329.28,395.14,26.4,18.1,15.0,6.5,18500.00,43000.00,PLT_KA_06,KA_Wind_6,Wind,IoT Sensors,2023-03-01 08:00:00
2023,4,Karnataka,South India,0.0,440.9,0.0,0.0,0.0,440.9,1200.0,NaN,0.39,308.63,370.36,27.2,15.0,35.0,6.2,18800.00,39000.00,PLT_KA_06,KA_Wind_6,Wind,IoT Sensors,2023-04-01 08:00:00
2023,5,Karnataka,South India,0.0,550.2,0.0,0.0,0.0,550.2,1200.0,0.85,0.51,385.14,462.17,28.1,23.2,125.0,5.0,19000.00,52500.00,PLT_KA_06,KA_Wind_6,Wind,State Grid,2023-05-01 08:00:00
2023,6,Karnataka,South India,0.0,NaN,0.0,0.0,0.0,630.3,1200.0,0.88,0.60,441.21,529.45,26.5,26.5,300.0,4.5,19500.00,60000.00,PLT_KA_06,KA_Wind_6,Wind,State Grid,2023-06-01 08:00:00
2023,7,Karnataka,South India,0.0,670.8,0.0,0.0,0.0,670.8,1200.0,0.90,0.64,469.56,563.47,25.2,28.2,420.0,3.5,NaN,64000.00,PLT_KA_06,KA_Wind_6,Wind,Manual Entry,2023-07-01 08:00:00
2023,8,Karnataka,South India,0.0,650.5,0.0,0.0,0.0,650.5,1200.0,0.89,0.62,455.35,546.42,25.5,27.8,350.0,4.8,19200.00,62500.00,PLT_KA_06,KA_Wind_6,Wind,State Grid,2023-08-01 08:00:00
2023,9,Karnataka,South India,0.0,560.4,0.0,0.0,0.0,560.4,1200.0,0.86,0.53,392.28,470.74,26.0,22.5,220.0,5.5,18800.00,53000.00,PLT_KA_06,KA_Wind_6,Wind,SCADA,2023-09-01 08:00:00
2023,10,Karnataka,South India,0.0,520.2,0.0,0.0,0.0,520.2,1200.0,0.82,0.48,364.14,436.97,25.5,19.2,160.0,6.5,18500.00,49000.00,PLT_KA_06,KA_Wind_6,Wind,NaN,2023-10-01 08:00:00
2023,11,Karnataka,South India,0.0,480.1,0.0,0.0,0.0,480.1,1200.0,0.78,0.43,336.07,403.28,25.8,17.5,60.0,7.2,18200.00,45000.00,PLT_KA_06,KA_Wind_6,Wind,IoT Sensors,2023-11-01 08:00:00
2023,12,Karnataka,South India,0.0,455.8,0.0,0.0,0.0,455.8,1200.0,0.74,0.39,319.06,382.87,24.0,15.8,20.0,7.8,18000.00,41000.00,PLT_KA_06,KA_Wind_6,Wind,IoT Sensors,2023-12-01 08:00:00
2024,1,Karnataka,South India,0.0,460.5,0.0,0.0,0.0,460.5,1250.0,0.76,0.40,322.35,386.82,24.8,16.5,12.0,7.6,18100.00,40500.00,PLT_KA_06,KA_Wind_6,Wind,State Grid,2024-01-01 08:00:00
2024,2,Karnataka,South India,0.0,470.1,0.0,0.0,0.0,470.1,1250.0,0.77,0.41,329.07,394.88,25.4,NaN,10.0,7.3,18300.00,42000.00,PLT_KA_06,KA_Wind_6,Wind,State Grid,2024-02-01 08:00:00
2024,3,Karnataka,South India,0.0,480.4,0.0,0.0,0.0,480.4,1250.0,0.79,0.43,336.28,403.54,26.7,18.5,18.0,6.6,18600.00,43500.00,PLT_KA_06,KA_Wind_6,Wind,IoT Sensors,2024-03-01 08:00:00
2024,4,Karnataka,South India,0.0,450.9,0.0,0.0,0.0,450.9,1250.0,0.75,0.39,315.63,378.76,27.5,15.5,40.0,6.3,18900.00,39500.00,PLT_KA_06,KA_Wind_6,Wind,IoT Sensors,2024-04-01 08:00:00
2024,5,Karnataka,South India,0.0,560.2,0.0,0.0,0.0,560.2,1250.0,0.86,0.51,392.14,470.57,28.4,23.8,135.0,5.1,19100.00,53000.00,PLT_KA_06,KA_Wind_6,Wind,State Grid,2024-05-01 08:00:00
2024,6,Karnataka,South India,0.0,640.3,0.0,0.0,0.0,640.3,1250.0,0.89,0.60,448.21,537.85,26.8,27.0,310.0,4.6,19600.00,60500.00,PLT_KA_06,KA_Wind_6,Wind,State Grid,2024-06-01 08:00:00
2024,7,Karnataka,South India,0.0,680.8,0.0,0.0,0.0,680.8,1250.0,0.91,0.64,476.56,571.87,25.5,28.8,430.0,3.6,19800.00,64500.00,PLT_KA_06,KA_Wind_6,Wind,Manual Entry,2024-07-01 08:00:00
2024,8,Karnataka,South India,0.0,660.5,0.0,0.0,0.0,660.5,1250.0,NaN,0.62,462.35,554.82,25.8,28.4,360.0,4.9,19300.00,63000.00,PLT_KA_06,KA_Wind_6,Wind,State Grid,2024-08-01 08:00:00
2024,9,Karnataka,South India,0.0,570.4,0.0,0.0,0.0,570.4,1250.0,0.87,0.52,399.28,479.14,26.3,23.0,230.0,5.6,18900.00,53500.00,PLT_KA_06,KA_Wind_6,Wind,SCADA,2024-09-01 08:00:00
2024,10,Karnataka,South India,0.0,530.2,0.0,0.0,0.0,530.2,1250.0,0.83,0.48,371.14,445.37,25.8,19.8,170.0,6.6,NaN,49500.00,PLT_KA_06,KA_Wind_6,Wind,SCADA,2024-10-01 08:00:00
2024,11,Karnataka,South India,0.0,490.1,0.0,0.0,0.0,490.1,1250.0,0.79,0.43,343.07,411.68,26.1,18.0,70.0,7.3,18300.00,45500.00,PLT_KA_06,KA_Wind_6,Wind,IoT Sensors,2024-11-01 08:00:00
2024,12,Karnataka,South India,0.0,NaN,0.0,0.0,0.0,465.8,1250.0,0.75,0.40,326.06,391.27,24.3,16.3,25.0,7.9,18100.00,41500.00,PLT_KA_06,KA_Wind_6,Wind,IoT Sensors,2024-12-01 08:00:00
2023,1,Tamil Nadu,South India,0.0,0.0,850.5,0.0,0.0,850.5,2500.0,0.82,0.33,595.35,714.42,26.5,6.2,10.0,8.5,28000.00,72000.00,PLT_TN_07,TN_Hydro_7,Hydro,State Grid,2023-01-01 08:00:00
2023,2,Tamil Nadu,South India,0.0,0.0,820.1,0.0,0.0,820.1,2500.0,0.80,0.31,574.07,688.88,28.1,7.5,5.0,8.8,27500.00,69500.00,PLT_TN_07,TN_Hydro_7,Hydro,State Grid,2023-02-01 08:00:00
2023,3,Tamil Nadu,South India,0.0,0.0,780.4,0.0,0.0,780.4,2500.0,0.75,0.29,546.28,655.54,31.4,8.1,0.0,9.2,27000.00,65000.00,PLT_TN_07,TN_Hydro_7,Hydro,IoT Sensors,2023-03-01 08:00:00
2023,4,Tamil Nadu,South India,0.0,0.0,750.9,0.0,0.0,750.9,2500.0,0.72,0.28,525.63,630.76,34.2,9.0,20.0,9.5,26500.00,62000.00,PLT_TN_07,TN_Hydro_7,Hydro,IoT Sensors,2023-04-01 08:00:00
2023,5,Tamil Nadu,South India,0.0,0.0,790.2,0.0,0.0,790.2,2500.0,0.76,0.30,553.14,663.77,35.1,11.2,100.0,8.0,27200.00,66000.00,PLT_TN_07,TN_Hydro_7,Hydro,State Grid,2023-05-01 08:00:00
2023,6,Tamil Nadu,South India,0.0,0.0,950.3,0.0,0.0,950.3,2500.0,0.88,0.38,665.21,798.25,31.5,13.5,300.0,5.5,29000.00,85000.00,PLT_TN_07,TN_Hydro_7,Hydro,State Grid,2023-06-01 08:00:00
2023,7,Tamil Nadu,South India,0.0,0.0,1080.8,0.0,0.0,1080.8,2500.0,0.92,0.44,756.56,907.87,29.2,15.2,500.0,4.5,31000.00,99000.00,PLT_TN_07,TN_Hydro_7,Hydro,Manual Entry,2023-07-01 08:00:00
2023,8,Tamil Nadu,South India,0.0,0.0,1095.5,0.0,0.0,1095.5,2500.0,0.94,0.45,766.85,920.22,28.5,14.8,520.0,4.8,31500.00,101000.00,PLT_TN_07,TN_Hydro_7,Hydro,State Grid,2023-08-01 08:00:00
2023,9,Tamil Nadu,South India,0.0,0.0,1040.4,0.0,0.0,1040.4,2500.0,0.90,0.42,728.28,873.94,28.0,12.5,400.0,5.5,30500.00,94000.00,PLT_TN_07,TN_Hydro_7,Hydro,SCADA,2023-09-01 08:00:00
2023,10,Tamil Nadu,South India,0.0,0.0,980.2,0.0,0.0,980.2,2500.0,0.86,0.39,686.14,823.37,27.5,10.2,250.0,6.5,29500.00,87000.00,PLT_TN_07,TN_Hydro_7,Hydro,SCADA,2023-10-01 08:00:00
2023,11,Tamil Nadu,South India,0.0,0.0,920.1,0.0,0.0,920.1,2500.0,0.84,0.36,644.07,772.88,26.8,8.5,100.0,7.2,28500.00,80000.00,PLT_TN_07,TN_Hydro_7,Hydro,IoT Sensors,2023-11-01 08:00:00
2023,12,Tamil Nadu,South India,0.0,0.0,880.8,0.0,0.0,880.8,2500.0,0.83,0.34,616.56,739.87,26.0,7.2,40.0,8.0,28200.00,76000.00,PLT_TN_07,TN_Hydro_7,Hydro,IoT Sensors,2023-12-01 08:00:00
2024,1,Tamil Nadu,South India,0.0,0.0,860.5,0.0,0.0,860.5,2600.0,0.83,0.34,602.35,722.82,26.8,6.5,12.0,8.6,28200.00,73000.00,PLT_TN_07,TN_Hydro_7,Hydro,State Grid,2024-01-01 08:00:00
2024,2,Tamil Nadu,South India,0.0,0.0,830.1,0.0,0.0,830.1,2600.0,0.81,0.32,581.07,697.28,28.4,7.8,6.0,8.9,27700.00,70500.00,PLT_TN_07,TN_Hydro_7,Hydro,State Grid,2024-02-01 08:00:00
2024,3,Tamil Nadu,South India,0.0,0.0,790.4,0.0,0.0,790.4,2600.0,0.76,0.30,553.28,663.94,31.7,8.4,0.0,9.3,27200.00,66000.00,PLT_TN_07,TN_Hydro_7,Hydro,IoT Sensors,2024-03-01 08:00:00
2024,4,Tamil Nadu,South India,0.0,0.0,760.9,0.0,0.0,760.9,2600.0,0.73,0.29,532.63,639.16,34.5,9.3,25.0,9.6,26700.00,63000.00,PLT_TN_07,TN_Hydro_7,Hydro,IoT Sensors,2024-04-01 08:00:00
2024,5,Tamil Nadu,South India,0.0,0.0,800.2,0.0,0.0,800.2,2600.0,NaN,0.31,560.14,672.17,35.4,11.5,110.0,8.1,27400.00,67000.00,PLT_TN_07,TN_Hydro_7,Hydro,State Grid,2024-05-01 08:00:00
2024,6,Tamil Nadu,South India,0.0,0.0,960.3,0.0,0.0,960.3,2600.0,0.89,0.39,672.21,806.65,31.8,13.8,320.0,5.6,29200.00,86000.00,PLT_TN_07,TN_Hydro_7,Hydro,State Grid,2024-06-01 08:00:00
2024,7,Tamil Nadu,South India,0.0,0.0,1090.8,0.0,0.0,1090.8,2600.0,0.93,0.45,763.56,916.27,29.5,15.5,520.0,NaN,31200.00,100000.00,PLT_TN_07,TN_Hydro_7,Hydro,Manual Entry,2024-07-01 08:00:00
2024,8,Tamil Nadu,South India,0.0,0.0,1105.5,0.0,0.0,1105.5,2600.0,0.95,0.46,773.85,928.62,28.8,15.1,540.0,4.9,31700.00,102000.00,PLT_TN_07,TN_Hydro_7,Hydro,State Grid,2024-08-01 08:00:00
2024,9,Tamil Nadu,South India,0.0,0.0,1050.4,0.0,0.0,1050.4,2600.0,0.91,0.43,735.28,882.34,28.3,12.8,420.0,5.6,30700.00,95000.00,PLT_TN_07,TN_Hydro_7,Hydro,SCADA,2024-09-01 08:00:00
2024,10,Tamil Nadu,South India,0.0,0.0,990.2,0.0,0.0,990.2,2600.0,0.87,0.40,693.14,831.77,27.8,10.5,270.0,6.6,29700.00,88000.00,PLT_TN_07,TN_Hydro_7,Hydro,SCADA,2024-10-01 08:00:00
2024,11,Tamil Nadu,South India,0.0,0.0,930.1,0.0,0.0,930.1,2600.0,0.85,0.37,651.07,781.28,27.1,8.8,110.0,7.3,28700.00,81000.00,PLT_TN_07,TN_Hydro_7,Hydro,IoT Sensors,2024-11-01 08:00:00
2024,12,Tamil Nadu,South India,0.0,0.0,890.8,0.0,0.0,890.8,2600.0,0.84,0.35,623.56,748.27,26.3,7.5,50.0,8.1,28400.00,77000.00,PLT_TN_07,TN_Hydro_7,Hydro,IoT Sensors,2024-12-01 08:00:00
2023,1,Kerala,South India,0.0,0.0,0.0,85.5,0.0,85.5,120.0,0.90,0.71,59.85,71.82,26.5,5.2,15.0,6.5,10000.00,20000.00,PLT_KL_08,KL_Geo_8,Geothermal,State Grid,2023-01-01 08:00:00
2023,2,Kerala,South India,0.0,0.0,0.0,86.1,0.0,86.1,120.0,0.91,0.72,60.27,72.32,27.1,6.5,12.0,6.2,10100.00,20200.00,PLT_KL_08,KL_Geo_8,Geothermal,State Grid,2023-02-01 08:00:00
2023,3,Kerala,South India,0.0,0.0,0.0,84.4,0.0,84.4,120.0,0.89,0.70,59.08,70.90,28.4,7.1,20.0,5.5,9900.00,19800.00,PLT_KL_08,KL_Geo_8,Geothermal,IoT Sensors,2023-03-01 08:00:00
2023,4,Kerala,South India,0.0,0.0,0.0,87.9,0.0,87.9,120.0,0.92,0.73,61.53,73.84,29.2,8.0,45.0,5.2,10200.00,20500.00,PLT_KL_08,KL_Geo_8,Geothermal,IoT Sensors,2023-04-01 08:00:00
2023,5,Kerala,South India,0.0,0.0,0.0,85.2,0.0,85.2,120.0,0.90,0.71,59.64,71.57,30.1,10.2,145.0,4.0,10000.00,20000.00,PLT_KL_08,KL_Geo_8,Geothermal,State Grid,2023-05-01 08:00:00
2023,6,Kerala,South India,0.0,0.0,0.0,83.3,0.0,83.3,120.0,0.88,0.69,58.31,69.97,28.5,12.5,320.0,3.5,9800.00,19500.00,PLT_KL_08,KL_Geo_8,Geothermal,State Grid,2023-06-01 08:00:00
2023,7,Kerala,South India,0.0,0.0,0.0,82.8,0.0,82.8,120.0,0.87,0.69,57.96,69.55,27.2,14.2,450.0,2.5,9700.00,19400.00,PLT_KL_08,KL_Geo_8,Geothermal,Manual Entry,2023-07-01 08:00:00
2023,8,Kerala,South India,0.0,0.0,0.0,84.5,0.0,84.5,120.0,0.89,0.70,59.15,70.98,27.5,13.8,380.0,3.8,9900.00,19900.00,PLT_KL_08,KL_Geo_8,Geothermal,State Grid,2023-08-01 08:00:00
2023,9,Kerala,South India,0.0,0.0,0.0,86.4,0.0,86.4,120.0,0.91,0.72,60.48,72.58,28.0,11.5,250.0,4.5,10100.00,20300.00,PLT_KL_08,KL_Geo_8,Geothermal,SCADA,2023-09-01 08:00:00
2023,10,Kerala,South India,0.0,0.0,0.0,85.2,0.0,85.2,120.0,0.90,0.71,59.64,71.57,27.5,9.2,180.0,5.5,10000.00,20000.00,PLT_KL_08,KL_Geo_8,Geothermal,SCADA,2023-10-01 08:00:00
2023,11,Kerala,South India,0.0,0.0,0.0,83.1,0.0,83.1,120.0,0.88,0.69,58.17,69.80,27.8,7.5,80.0,6.2,9800.00,19400.00,PLT_KL_08,KL_Geo_8,Geothermal,IoT Sensors,2023-11-01 08:00:00
2023,12,Kerala,South India,0.0,0.0,0.0,84.8,0.0,84.8,120.0,0.89,0.71,59.36,71.23,26.0,6.2,30.0,6.8,9900.00,19800.00,PLT_KL_08,KL_Geo_8,Geothermal,IoT Sensors,2023-12-01 08:00:00
2024,1,Kerala,South India,0.0,0.0,0.0,86.5,0.0,86.5,125.0,0.91,0.72,60.55,72.66,26.8,5.5,18.0,6.6,10100.00,20200.00,PLT_KL_08,KL_Geo_8,Geothermal,State Grid,2024-01-01 08:00:00
2024,2,Kerala,South India,0.0,0.0,0.0,87.1,0.0,87.1,125.0,0.92,0.73,60.97,73.16,27.4,6.8,15.0,6.3,10200.00,20400.00,PLT_KL_08,KL_Geo_8,Geothermal,State Grid,2024-02-01 08:00:00
2024,3,Kerala,South India,0.0,0.0,0.0,85.4,0.0,85.4,125.0,0.90,0.71,59.78,71.74,28.7,7.4,25.0,5.6,10000.00,20000.00,PLT_KL_08,KL_Geo_8,Geothermal,IoT Sensors,2024-03-01 08:00:00
2024,4,Kerala,South India,0.0,0.0,0.0,88.9,0.0,88.9,125.0,0.93,0.74,62.23,74.68,29.5,8.3,50.0,5.3,10300.00,20700.00,PLT_KL_08,KL_Geo_8,Geothermal,IoT Sensors,2024-04-01 08:00:00
2024,5,Kerala,South India,0.0,0.0,0.0,86.2,0.0,86.2,125.0,0.91,0.72,60.34,72.41,30.4,10.5,155.0,4.1,10100.00,20200.00,PLT_KL_08,KL_Geo_8,Geothermal,State Grid,2024-05-01 08:00:00
2024,6,Kerala,South India,0.0,0.0,0.0,84.3,0.0,84.3,125.0,0.89,0.70,59.01,70.81,28.8,12.8,330.0,3.6,9900.00,19700.00,PLT_KL_08,KL_Geo_8,Geothermal,State Grid,2024-06-01 08:00:00
2024,7,Kerala,South India,0.0,0.0,0.0,83.8,0.0,83.8,125.0,0.88,0.70,58.66,70.39,27.5,14.5,460.0,2.6,9800.00,19600.00,PLT_KL_08,KL_Geo_8,Geothermal,Manual Entry,2024-07-01 08:00:00
2024,8,Kerala,South India,0.0,0.0,0.0,85.5,0.0,85.5,125.0,0.90,0.71,59.85,71.82,27.8,14.1,390.0,3.9,10000.00,20100.00,PLT_KL_08,KL_Geo_8,Geothermal,State Grid,2024-08-01 08:00:00
2024,9,Kerala,South India,0.0,0.0,0.0,87.4,0.0,87.4,125.0,0.92,0.73,61.18,73.42,28.3,11.8,260.0,4.6,10200.00,20500.00,PLT_KL_08,KL_Geo_8,Geothermal,SCADA,2024-09-01 08:00:00
2024,10,Kerala,South India,0.0,0.0,0.0,86.2,0.0,86.2,125.0,0.91,0.72,60.34,72.41,27.8,9.5,190.0,5.6,10100.00,20200.00,PLT_KL_08,KL_Geo_8,Geothermal,SCADA,2024-10-01 08:00:00
2024,11,Kerala,South India,0.0,0.0,0.0,84.1,0.0,84.1,125.0,0.89,0.70,58.87,70.64,28.1,7.8,85.0,6.3,9900.00,19600.00,PLT_KL_08,KL_Geo_8,Geothermal,IoT Sensors,2024-11-01 08:00:00
2024,12,Kerala,South India,0.0,0.0,0.0,85.8,0.0,85.8,125.0,0.90,0.72,60.06,72.07,26.3,6.5,35.0,6.9,10000.00,20000.00,PLT_KL_08,KL_Geo_8,Geothermal,IoT Sensors,2024-12-01 08:00:00
2023,1,Andhra Pradesh,South India,0.0,350.5,0.0,0.0,0.0,350.5,950.0,0.82,0.37,245.35,294.42,27.5,14.2,10.0,8.5,12000.00,31000.00,PLT_AP_09,AP_Wind_9,Wind,State Grid,2023-01-01 08:00:00
2023,2,Andhra Pradesh,South India,0.0,360.1,0.0,0.0,0.0,360.1,950.0,0.84,0.38,252.07,302.48,29.1,15.5,5.0,9.2,12200.00,32000.00,PLT_AP_09,AP_Wind_9,Wind,State Grid,2023-02-01 08:00:00
2023,3,Andhra Pradesh,South India,0.0,370.4,0.0,0.0,0.0,370.4,950.0,0.86,0.39,259.28,311.14,32.4,16.1,0.0,10.5,12500.00,33500.00,PLT_AP_09,AP_Wind_9,Wind,IoT Sensors,2023-03-01 08:00:00
2023,4,Andhra Pradesh,South India,0.0,340.9,0.0,0.0,0.0,340.9,950.0,0.80,0.36,238.63,286.36,35.2,13.0,15.0,11.2,11800.00,29500.00,PLT_AP_09,AP_Wind_9,Wind,IoT Sensors,2023-04-01 08:00:00
2023,5,Andhra Pradesh,South India,0.0,450.2,0.0,0.0,0.0,450.2,950.0,NaN,0.47,315.14,378.17,37.1,21.2,45.0,11.0,14000.00,41500.00,PLT_AP_09,AP_Wind_9,Wind,State Grid,2023-05-01 08:00:00
2023,6,Andhra Pradesh,South India,0.0,530.3,0.0,0.0,0.0,530.3,950.0,0.92,0.56,371.21,445.45,34.5,24.5,120.0,7.5,15500.00,49000.00,PLT_AP_09,AP_Wind_9,Wind,State Grid,2023-06-01 08:00:00
2023,7,Andhra Pradesh,South India,0.0,570.8,0.0,0.0,0.0,570.8,950.0,0.95,0.60,399.56,479.47,32.2,26.2,150.0,NaN,NaN,52000.00,PLT_AP_09,AP_Wind_9,Wind,Manual Entry,2023-07-01 08:00:00
2023,8,Andhra Pradesh,South India,0.0,550.5,0.0,0.0,0.0,550.5,950.0,0.94,0.58,385.35,462.42,31.5,25.8,140.0,6.8,15800.00,50500.00,PLT_AP_09,AP_Wind_9,Wind,State Grid,2023-08-01 08:00:00
2023,9,Andhra Pradesh,South India,0.0,460.4,0.0,0.0,0.0,460.4,950.0,0.90,0.48,322.28,386.74,32.0,20.5,90.0,8.0,14200.00,42000.00,PLT_AP_09,AP_Wind_9,Wind,SCADA,2023-09-01 08:00:00
2023,10,Andhra Pradesh,South India,0.0,420.2,0.0,0.0,0.0,420.2,950.0,0.88,0.44,294.14,352.97,30.5,17.2,110.0,7.5,13500.00,38000.00,PLT_AP_09,AP_Wind_9,Wind,NaN,2023-10-01 08:00:00
2023,11,Andhra Pradesh,South India,0.0,380.1,0.0,0.0,0.0,380.1,950.0,0.85,0.40,266.07,319.28,28.8,15.5,60.0,8.2,12800.00,34000.00,PLT_AP_09,AP_Wind_9,Wind,IoT Sensors,2023-11-01 08:00:00
2023,12,Andhra Pradesh,South India,0.0,355.8,0.0,0.0,0.0,355.8,950.0,0.83,0.37,249.06,298.87,27.0,13.8,20.0,8.5,12200.00,31500.00,PLT_AP_09,AP_Wind_9,Wind,IoT Sensors,2023-12-01 08:00:00
2020,1,Tamil Nadu,South India,500.5,0.0,0.0,0.0,0.0,500.5,1500.0,0.85,0.22,350.35,420.42,26.5,8.2,12.0,7.5,12500.00,42000.00,PLT_TN_01,TN_Solar_1,Solar,State Grid,2020-01-01 08:00:00
2020,2,Tamil Nadu,South India,520.1,0.0,0.0,0.0,0.0,520.1,1500.0,0.86,0.23,364.07,436.88,28.1,NaN,5.0,8.2,12800.00,43500.00,PLT_TN_01,TN_Solar_1,Solar,State Grid,2020-02-01 08:00:00
2020,3,Tamil Nadu,South India,580.4,0.0,0.0,0.0,0.0,580.4,1500.0,0.88,0.25,406.28,487.54,32.4,9.1,0.0,9.5,13000.00,48000.00,PLT_TN_01,TN_Solar_1,Solar,IoT Sensors,2020-03-01 08:00:00
2020,4,Tamil Nadu,South India,610.9,0.0,0.0,0.0,0.0,610.9,1500.0,0.89,0.28,427.63,513.16,35.2,10.0,15.0,10.2,13200.00,51000.00,PLT_TN_01,TN_Solar_1,Solar,IoT Sensors,2020-04-01 08:00:00
2020,5,Tamil Nadu,South India,605.2,0.0,0.0,0.0,0.0,605.2,1500.0,NaN,0.27,423.64,508.37,36.1,11.2,45.0,10.0,NaN,50500.00,PLT_TN_01,TN_Solar_1,Solar,State Grid,2020-05-01 08:00:00
2020,6,Tamil Nadu,South India,540.3,0.0,0.0,0.0,0.0,540.3,1500.0,0.82,0.24,378.21,453.85,33.5,14.5,120.0,6.5,14000.00,45000.00,PLT_TN_01,TN_Solar_1,Solar,State Grid,2020-06-01 08:00:00
2020,7,Tamil Nadu,South India,510.8,0.0,0.0,0.0,0.0,510.8,1500.0,0.80,0.22,357.56,429.07,31.2,15.2,150.0,NaN,14500.00,NaN,PLT_TN_01,TN_Solar_1,Solar,Manual Entry,2020-07-01 08:00:00
2020,8,Tamil Nadu,South India,505.5,0.0,0.0,0.0,0.0,505.5,1500.0,0.81,0.22,353.85,424.62,30.5,14.8,140.0,5.8,14200.00,42500.00,PLT_TN_01,TN_Solar_1,Solar,State Grid,2020-08-01 08:00:00
2020,9,Tamil Nadu,South India,530.4,0.0,0.0,0.0,0.0,530.4,1500.0,0.83,0.23,371.28,445.54,31.0,12.5,90.0,7.0,13500.00,44000.00,PLT_TN_01,TN_Solar_1,Solar,SCADA,2020-09-01 08:00:00
2020,10,Tamil Nadu,South India,NaN,0.0,0.0,0.0,0.0,515.2,1500.0,0.84,0.22,360.64,432.77,29.5,10.2,110.0,6.5,13000.00,43000.00,PLT_TN_01,TN_Solar_1,Solar,SCADA,2020-10-01 08:00:00
2020,11,Tamil Nadu,South India,505.1,0.0,0.0,0.0,0.0,505.1,1500.0,0.85,0.21,353.57,424.28,27.8,9.5,60.0,7.2,12800.00,42000.00,PLT_TN_01,TN_Solar_1,Solar,IoT Sensors,2020-11-01 08:00:00
2020,12,Tamil Nadu,South India,495.8,0.0,0.0,0.0,0.0,495.8,1500.0,0.86,0.20,347.06,416.47,26.0,8.8,20.0,7.5,12500.00,41000.00,PLT_TN_01,TN_Solar_1,Solar,IoT Sensors,2020-12-01 08:00:00
2021,1,Tamil Nadu,South India,510.5,0.0,0.0,0.0,0.0,510.5,1520.0,0.85,0.22,357.35,428.82,26.8,8.5,10.0,7.6,12600.00,42500.00,PLT_TN_01,TN_Solar_1,Solar,State Grid,2021-01-01 08:00:00
2021,2,Tamil Nadu,South India,530.2,0.0,0.0,0.0,0.0,530.2,1520.0,0.87,0.24,371.14,445.37,28.5,7.8,8.0,8.4,12900.00,44200.00,PLT_TN_01,TN_Solar_1,Solar,State Grid,2021-02-01 08:00:00
2021,3,Tamil Nadu,South India,590.4,0.0,0.0,0.0,0.0,590.4,1520.0,0.89,0.26,413.28,495.94,32.8,9.5,2.0,9.7,13100.00,NaN,PLT_TN_01,TN_Solar_1,Solar,IoT Sensors,2021-03-01 08:00:00
2021,4,Tamil Nadu,South India,620.9,0.0,0.0,0.0,0.0,620.9,1520.0,0.90,0.29,434.63,521.56,35.8,10.5,12.0,10.5,13300.00,52000.00,PLT_TN_01,TN_Solar_1,Solar,IoT Sensors,2021-04-01 08:00:00
2021,5,Tamil Nadu,South India,615.2,0.0,0.0,0.0,0.0,615.2,1520.0,0.89,0.28,430.64,516.77,36.5,11.8,40.0,10.2,13800.00,51500.00,PLT_TN_01,TN_Solar_1,Solar,State Grid,2021-05-01 08:00:00
2021,6,Tamil Nadu,South India,550.3,0.0,0.0,0.0,0.0,550.3,1520.0,NaN,0.25,385.21,462.25,33.8,NaN,115.0,6.8,14200.00,46000.00,PLT_TN_01,TN_Solar_1,Solar,State Grid,2021-06-01 08:00:00
2021,7,Tamil Nadu,South India,520.8,0.0,0.0,0.0,0.0,520.8,1520.0,0.81,0.23,364.56,437.47,31.5,15.8,160.0,5.5,14700.00,43500.00,PLT_TN_01,TN_Solar_1,Solar,Manual Entry,2021-07-01 08:00:00
2021,8,Tamil Nadu,South India,515.5,0.0,0.0,0.0,0.0,515.5,1520.0,0.82,0.23,360.85,433.02,30.8,15.2,130.0,6.0,14400.00,43000.00,PLT_TN_01,TN_Solar_1,Solar,State Grid,2021-08-01 08:00:00
2021,9,Tamil Nadu,South India,540.4,0.0,0.0,0.0,0.0,540.4,1520.0,0.84,0.24,378.28,453.94,31.5,13.0,85.0,7.2,NaN,45000.00,PLT_TN_01,TN_Solar_1,Solar,SCADA,2021-09-01 08:00:00
2021,10,Tamil Nadu,South India,525.2,0.0,0.0,0.0,0.0,525.2,1520.0,0.85,0.23,367.64,441.17,29.8,10.8,100.0,6.8,13200.00,44000.00,PLT_TN_01,TN_Solar_1,Solar,NaN,2021-10-01 08:00:00
2021,11,Tamil Nadu,South India,515.1,0.0,0.0,0.0,0.0,515.1,1520.0,0.86,0.22,360.57,432.68,28.2,9.8,55.0,7.5,13000.00,43000.00,PLT_TN_01,TN_Solar_1,Solar,IoT Sensors,2021-11-01 08:00:00
2021,12,Tamil Nadu,South India,505.8,0.0,0.0,0.0,0.0,505.8,1520.0,0.87,0.21,354.06,424.87,26.5,9.2,25.0,7.8,12700.00,42000.00,PLT_TN_01,TN_Solar_1,Solar,IoT Sensors,2021-12-01 08:00:00
2020,1,Kerala,South India,0.0,320.5,0.0,0.0,0.0,320.5,800.0,0.75,0.40,224.35,269.22,25.5,18.2,15.0,6.5,11000.00,28000.00,PLT_KL_02,KL_Wind_2,Wind,State Grid,2020-01-01 08:00:00
2020,2,Kerala,South India,0.0,330.1,0.0,0.0,0.0,330.1,800.0,0.76,0.41,231.07,277.28,26.1,19.5,12.0,6.2,11200.00,29500.00,PLT_KL_02,KL_Wind_2,Wind,State Grid,2020-02-01 08:00:00
2020,3,Kerala,South India,0.0,340.4,0.0,0.0,0.0,340.4,800.0,0.78,0.43,238.28,285.94,27.4,20.1,20.0,5.5,11500.00,31000.00,PLT_KL_02,KL_Wind_2,Wind,IoT Sensors,2020-03-01 08:00:00
2020,4,Kerala,South India,0.0,310.9,0.0,0.0,0.0,310.9,800.0,NaN,0.39,217.63,261.16,28.2,17.0,45.0,5.2,11800.00,27000.00,PLT_KL_02,KL_Wind_2,Wind,IoT Sensors,2020-04-01 08:00:00
2020,5,Kerala,South India,0.0,405.2,0.0,0.0,0.0,405.2,800.0,0.85,0.51,283.64,340.37,29.1,25.2,145.0,4.0,12000.00,38500.00,PLT_KL_02,KL_Wind_2,Wind,State Grid,2020-05-01 08:00:00
2020,6,Kerala,South India,0.0,NaN,0.0,0.0,0.0,480.3,800.0,0.88,0.60,336.21,403.45,27.5,28.5,320.0,3.5,12500.00,45000.00,PLT_KL_02,KL_Wind_2,Wind,State Grid,2020-06-01 08:00:00
2020,7,Kerala,South India,0.0,510.8,0.0,0.0,0.0,510.8,800.0,0.90,0.64,357.56,429.07,26.2,30.2,450.0,2.5,NaN,48000.00,PLT_KL_02,KL_Wind_2,Wind,Manual Entry,2020-07-01 08:00:00
2020,8,Kerala,South India,0.0,495.5,0.0,0.0,0.0,495.5,800.0,0.89,0.62,346.85,416.22,26.5,29.8,380.0,3.8,12200.00,46500.00,PLT_KL_02,KL_Wind_2,Wind,State Grid,2020-08-01 08:00:00
2020,9,Kerala,South India,0.0,420.4,0.0,0.0,0.0,420.4,800.0,0.86,0.53,294.28,353.14,27.0,24.5,250.0,4.5,11800.00,39000.00,PLT_KL_02,KL_Wind_2,Wind,SCADA,2020-09-01 08:00:00
2020,10,Kerala,South India,0.0,380.2,0.0,0.0,0.0,380.2,800.0,0.82,0.48,266.14,319.37,26.5,21.2,180.0,5.5,11500.00,35000.00,PLT_KL_02,KL_Wind_2,Wind,NaN,2020-10-01 08:00:00
2020,11,Kerala,South India,0.0,340.1,0.0,0.0,0.0,340.1,800.0,0.78,0.43,238.07,285.68,26.8,19.5,80.0,6.2,11200.00,31000.00,PLT_KL_02,KL_Wind_2,Wind,IoT Sensors,2020-11-01 08:00:00
2020,12,Kerala,South India,0.0,315.8,0.0,0.0,0.0,315.8,800.0,0.74,0.39,221.06,265.27,25.0,17.8,30.0,6.8,11000.00,28000.00,PLT_KL_02,KL_Wind_2,Wind,IoT Sensors,2020-12-01 08:00:00
2021,1,Kerala,South India,0.0,330.5,0.0,0.0,0.0,330.5,820.0,0.76,0.40,231.35,277.62,25.8,18.5,18.0,6.6,11100.00,28500.00,PLT_KL_02,KL_Wind_2,Wind,State Grid,2021-01-01 08:00:00
2021,2,Kerala,South India,0.0,340.1,0.0,0.0,0.0,340.1,820.0,0.77,0.41,238.07,285.68,26.4,NaN,15.0,6.3,11300.00,30000.00,PLT_KL_02,KL_Wind_2,Wind,State Grid,2021-02-01 08:00:00
2021,3,Kerala,South India,0.0,350.4,0.0,0.0,0.0,350.4,820.0,0.79,0.43,245.28,294.34,27.7,20.5,25.0,5.6,11600.00,31500.00,PLT_KL_02,KL_Wind_2,Wind,IoT Sensors,2021-03-01 08:00:00
2021,4,Kerala,South India,0.0,320.9,0.0,0.0,0.0,320.9,820.0,0.75,0.39,224.63,269.56,28.5,17.5,50.0,5.3,11900.00,27500.00,PLT_KL_02,KL_Wind_2,Wind,IoT Sensors,2021-04-01 08:00:00
2021,5,Kerala,South India,0.0,415.2,0.0,0.0,0.0,415.2,820.0,0.86,0.51,290.64,348.77,29.4,25.8,NaN,4.1,12100.00,39000.00,PLT_KL_02,KL_Wind_2,Wind,State Grid,2021-05-01 08:00:00
2021,6,Kerala,South India,0.0,490.3,0.0,0.0,0.0,490.3,820.0,0.89,0.60,343.21,411.85,27.8,29.0,330.0,3.6,12600.00,45500.00,PLT_KL_02,KL_Wind_2,Wind,State Grid,2021-06-01 08:00:00
2021,7,Kerala,South India,0.0,520.8,0.0,0.0,0.0,520.8,820.0,0.91,0.64,364.56,437.47,26.5,30.8,460.0,2.6,12800.00,48500.00,PLT_KL_02,KL_Wind_2,Wind,Manual Entry,2021-07-01 08:00:00
2021,8,Kerala,South India,0.0,505.5,0.0,0.0,0.0,505.5,820.0,NaN,0.62,353.85,424.62,26.8,30.4,390.0,3.9,12300.00,47000.00,PLT_KL_02,KL_Wind_2,Wind,State Grid,2021-08-01 08:00:00
2021,9,Kerala,South India,0.0,430.4,0.0,0.0,0.0,430.4,820.0,0.87,0.52,301.28,361.54,27.3,25.0,260.0,4.6,11900.00,39500.00,PLT_KL_02,KL_Wind_2,Wind,SCADA,2021-09-01 08:00:00
2021,10,Kerala,South India,0.0,390.2,0.0,0.0,0.0,390.2,820.0,0.83,0.48,273.14,327.77,26.8,21.8,190.0,5.6,NaN,35500.00,PLT_KL_02,KL_Wind_2,Wind,SCADA,2021-10-01 08:00:00
2021,11,Kerala,South India,0.0,350.1,0.0,0.0,0.0,350.1,820.0,0.79,0.43,245.07,294.08,27.1,20.0,85.0,6.3,11300.00,31500.00,PLT_KL_02,KL_Wind_2,Wind,IoT Sensors,2021-11-01 08:00:00
2021,12,Kerala,South India,0.0,NaN,0.0,0.0,0.0,325.8,820.0,0.75,0.40,228.06,273.67,25.3,18.3,35.0,6.9,11100.00,28500.00,PLT_KL_02,KL_Wind_2,Wind,IoT Sensors,2021-12-01 08:00:00
2022,1,Karnataka,South India,0.0,0.0,650.5,0.0,0.0,650.5,2000.0,0.82,0.33,455.35,546.42,24.5,5.2,5.0,8.5,25000.00,62000.00,PLT_KA_03,KA_Hydro_3,Hydro,State Grid,2022-01-01 08:00:00
2022,2,Karnataka,South India,0.0,0.0,620.1,0.0,0.0,620.1,2000.0,0.80,0.31,434.07,520.88,26.1,6.5,2.0,8.8,24500.00,59500.00,PLT_KA_03,KA_Hydro_3,Hydro,State Grid,2022-02-01 08:00:00
2022,3,Karnataka,South India,0.0,0.0,580.4,0.0,0.0,580.4,2000.0,0.75,0.29,406.28,487.54,29.4,7.1,0.0,9.2,24000.00,55000.00,PLT_KA_03,KA_Hydro_3,Hydro,IoT Sensors,2022-03-01 08:00:00
2022,4,Karnataka,South India,0.0,0.0,550.9,0.0,0.0,550.9,2000.0,0.72,0.28,385.63,462.76,32.2,8.0,15.0,9.5,23500.00,52000.00,PLT_KA_03,KA_Hydro_3,Hydro,IoT Sensors,2022-04-01 08:00:00
2022,5,Karnataka,South India,0.0,0.0,590.2,0.0,0.0,590.2,2000.0,0.76,0.30,413.14,495.77,33.1,10.2,80.0,8.0,24200.00,56000.00,PLT_KA_03,KA_Hydro_3,Hydro,State Grid,2022-05-01 08:00:00
2022,6,Karnataka,South India,0.0,0.0,750.3,0.0,0.0,750.3,2000.0,0.88,0.38,525.21,630.25,29.5,12.5,250.0,5.5,26000.00,75000.00,PLT_KA_03,KA_Hydro_3,Hydro,State Grid,2022-06-01 08:00:00
2022,7,Karnataka,South India,0.0,0.0,880.8,0.0,0.0,880.8,2000.0,0.92,0.44,616.56,739.87,27.2,14.2,400.0,4.5,28000.00,89000.00,PLT_KA_03,KA_Hydro_3,Hydro,Manual Entry,2022-07-01 08:00:00
2022,8,Karnataka,South India,0.0,0.0,895.5,0.0,0.0,895.5,2000.0,0.94,0.45,626.85,752.22,26.5,13.8,420.0,4.8,28500.00,91000.00,PLT_KA_03,KA_Hydro_3,Hydro,State Grid,2022-08-01 08:00:00
2022,9,Karnataka,South India,0.0,0.0,840.4,0.0,0.0,840.4,2000.0,0.90,0.42,588.28,705.94,26.0,11.5,300.0,5.5,27500.00,84000.00,PLT_KA_03,KA_Hydro_3,Hydro,SCADA,2022-09-01 08:00:00
2022,10,Karnataka,South India,0.0,0.0,780.2,0.0,0.0,780.2,2000.0,0.86,0.39,546.14,655.37,25.5,9.2,180.0,6.5,26500.00,77000.00,PLT_KA_03,KA_Hydro_3,Hydro,SCADA,2022-10-01 08:00:00
2022,11,Karnataka,South India,0.0,0.0,720.1,0.0,0.0,720.1,2000.0,0.84,0.36,504.07,604.88,24.8,7.5,60.0,7.2,25500.00,70000.00,PLT_KA_03,KA_Hydro_3,Hydro,IoT Sensors,2022-11-01 08:00:00
2022,12,Karnataka,South India,0.0,0.0,680.8,0.0,0.0,680.8,2000.0,0.83,0.34,476.56,571.87,24.0,6.2,20.0,8.0,25200.00,66000.00,PLT_KA_03,KA_Hydro_3,Hydro,IoT Sensors,2022-12-01 08:00:00
2025,1,Kerala,South India,800.5,0.0,0.0,0.0,0.0,800.5,2400.0,0.85,0.33,560.35,672.42,28.5,8.2,10.0,9.5,15000.00,48000.00,PLT_KL_19,KL_Solar_19,Solar,State Grid,2025-01-01 08:00:00 2025,2,Kerala,South India,820.1,0.0,0.0,0.0,0.0,820.1,2400.0,0.87,0.34,574.07,688.88,30.1,NaN,5.0,9.8,15300.00,49500.00,PLT_KL_19,KL_Solar_19,Solar,State Grid,2025-02-01 08:00:00 2025,3,Kerala,South India,880.4,0.0,0.0,0.0,0.0,880.4,2400.0,0.89,0.36,616.28,739.54,34.4,9.1,0.0,10.2,15500.00,54000.00,PLT_KL_19,KL_Solar_19,Solar,IoT Sensors,2025-03-01 08:00:00 2025,4,Kerala,South India,910.9,0.0,0.0,0.0,0.0,910.9,2400.0,0.91,0.38,637.63,765.16,37.2,10.0,12.0,11.5,15800.00,57000.00,PLT_KL_19,KL_Solar_19,Solar,IoT Sensors,2025-04-01 08:00:00 2025,5,Kerala,South India,890.2,0.0,0.0,0.0,0.0,890.2,2400.0,NaN,0.37,623.14,747.77,38.1,11.2,35.0,11.0,NaN,56500.00,PLT_KL_19,KL_Solar_19,Solar,State Grid,2025-05-01 08:00:00 2025,6,Kerala,South India,830.3,0.0,0.0,0.0,0.0,830.3,2400.0,0.86,0.34,581.21,697.45,35.5,14.5,95.0,7.5,16000.00,51000.00,PLT_KL_19,KL_Solar_19,Solar,State Grid,2025-06-01 08:00:00 2025,7,Kerala,South India,810.8,0.0,0.0,0.0,0.0,810.8,2400.0,0.83,0.33,567.56,681.07,33.2,15.2,130.0,NaN,16500.00,NaN,PLT_KL_19,KL_Solar_19,Solar,Manual Entry,2025-07-01 08:00:00 2025,8,Kerala,South India,805.5,0.0,0.0,0.0,0.0,805.5,2400.0,0.82,0.33,563.85,676.62,32.5,14.8,120.0,6.8,16200.00,48500.00,PLT_KL_19,KL_Solar_19,Solar,State Grid,2025-08-01 08:00:00 2025,9,Kerala,South India,840.4,0.0,0.0,0.0,0.0,840.4,2400.0,0.84,0.35,588.28,705.94,33.0,12.5,80.0,8.0,15800.00,50000.00,PLT_KL_19,KL_Solar_19,Solar,SCADA,2025-09-01 08:00:00 2025,10,Kerala,South India,NaN,0.0,0.0,0.0,0.0,820.2,2400.0,0.83,0.34,574.14,688.97,31.5,10.2,90.0,7.5,15500.00,49000.00,PLT_KL_19,KL_Solar_19,Solar,SCADA,2025-10-01 08:00:00 2025,11,Kerala,South India,810.1,0.0,0.0,0.0,0.0,810.1,2400.0,0.82,0.33,567.07,680.48,29.8,9.5,50.0,8.2,15200.00,48000.00,PLT_KL_19,KL_Solar_19,Solar,IoT Sensors,2025-11-01 08:00:00 2025,12,Kerala,South India,790.8,0.0,0.0,0.0,0.0,790.8,2400.0,0.81,0.32,553.56,664.27,28.0,8.8,15.0,8.5,15000.00,47000.00,PLT_KL_19,KL_Solar_19,Solar,IoT Sensors,2025-12-01 08:00:00 2026,1,Kerala,South India,810.5,0.0,0.0,0.0,0.0,810.5,2450.0,0.86,0.33,567.35,680.82,28.8,8.5,12.0,9.6,15200.00,48500.00,PLT_KL_19,KL_Solar_19,Solar,State Grid,2026-01-01 08:00:00 2026,2,Kerala,South India,830.1,0.0,0.0,0.0,0.0,830.1,2450.0,0.88,0.34,581.07,697.28,30.5,NaN,6.0,9.9,15500.00,50200.00,PLT_KL_19,KL_Solar_19,Solar,State Grid,2026-02-01 08:00:00 2026,3,Kerala,South India,890.4,0.0,0.0,0.0,0.0,890.4,2450.0,0.90,0.36,623.28,747.94,34.8,9.5,0.0,10.5,15700.00,54800.00,PLT_KL_19,KL_Solar_19,Solar,IoT Sensors,2026-03-01 08:00:00 2026,4,Kerala,South India,920.9,0.0,0.0,0.0,0.0,920.9,2450.0,0.92,0.38,644.63,773.56,37.5,10.5,10.0,11.8,16000.00,57800.00,PLT_KL_19,KL_Solar_19,Solar,IoT Sensors,2026-04-01 08:00:00 2026,5,Kerala,South India,900.2,0.0,0.0,0.0,0.0,900.2,2450.0,NaN,0.37,630.14,756.17,38.5,11.8,30.0,11.2,NaN,57200.00,PLT_KL_19,KL_Solar_19,Solar,State Grid,2026-05-01 08:00:00 2026,6,Kerala,South India,840.3,0.0,0.0,0.0,0.0,840.3,2450.0,0.87,0.34,588.21,705.85,35.8,15.0,90.0,7.8,16200.00,51800.00,PLT_KL_19,KL_Solar_19,Solar,State Grid,2026-06-01 08:00:00 2026,7,Kerala,South India,820.8,0.0,0.0,0.0,0.0,820.8,2450.0,0.84,0.33,574.56,689.47,33.5,15.8,125.0,NaN,16700.00,NaN,PLT_KL_19,KL_Solar_19,Solar,Manual Entry,2026-07-01 08:00:00 2026,8,Kerala,South India,815.5,0.0,0.0,0.0,0.0,815.5,2450.0,0.83,0.33,570.85,685.02,32.8,15.2,115.0,7.0,16400.00,49200.00,PLT_KL_19,KL_Solar_19,Solar,State Grid,2026-08-01 08:00:00 2026,9,Kerala,South India,850.4,0.0,0.0,0.0,0.0,850.4,2450.0,0.85,0.35,595.28,714.34,33.5,13.0,75.0,8.2,16000.00,50800.00,PLT_KL_19,KL_Solar_19,Solar,SCADA,2026-09-01 08:00:00 2026,10,Kerala,South India,NaN,0.0,0.0,0.0,0.0,830.2,2450.0,0.84,0.34,581.14,697.37,31.8,10.8,85.0,7.8,15700.00,49800.00,PLT_KL_19,KL_Solar_19,Solar,SCADA,2026-10-01 08:00:00 2026,11,Kerala,South India,820.1,0.0,0.0,0.0,0.0,820.1,2450.0,0.83,0.33,574.07,688.88,30.2,9.8,45.0,8.5,15400.00,48800.00,PLT_KL_19,KL_Solar_19,Solar,IoT Sensors,2026-11-01 08:00:00 2026,12,Kerala,South India,800.8,0.0,0.0,0.0,0.0,800.8,2450.0,0.82,0.32,560.56,672.67,28.5,9.2,10.0,8.8,15200.00,47800.00,PLT_KL_19,KL_Solar_19,Solar,IoT Sensors,2026-12-01 08:00:00 2025,1,Tamil Nadu,South India,0.0,600.5,0.0,0.0,0.0,600.5,1450.0,0.78,0.41,420.35,504.42,25.5,18.5,10.0,7.8,20000.00,55000.00,PLT_TN_20,TN_Wind_20,Wind,State Grid,2025-01-01 08:00:00 2025,2,Tamil Nadu,South India,0.0,610.1,0.0,0.0,0.0,610.1,1450.0,0.79,0.42,427.07,512.48,26.1,19.8,8.0,7.5,20200.00,56500.00,PLT_TN_20,TN_Wind_20,Wind,State Grid,2025-02-01 08:00:00 2025,3,Tamil Nadu,South India,0.0,620.4,0.0,0.0,0.0,620.4,1450.0,0.81,0.43,434.28,521.14,27.4,20.4,15.0,6.8,20500.00,58000.00,PLT_TN_20,TN_Wind_20,Wind,IoT Sensors,2025-03-01 08:00:00 2025,4,Tamil Nadu,South India,0.0,590.9,0.0,0.0,0.0,590.9,1450.0,NaN,0.40,413.63,496.36,28.2,17.3,35.0,6.5,20800.00,54000.00,PLT_TN_20,TN_Wind_20,Wind,IoT Sensors,2025-04-01 08:00:00 2025,5,Tamil Nadu,South India,0.0,700.2,0.0,0.0,0.0,700.2,1450.0,0.88,0.48,490.14,588.17,29.1,25.5,125.0,5.3,21000.00,67500.00,PLT_TN_20,TN_Wind_20,Wind,State Grid,2025-05-01 08:00:00 2025,6,Tamil Nadu,South India,0.0,NaN,0.0,0.0,0.0,780.3,1450.0,0.91,0.54,546.21,655.45,27.5,28.8,300.0,4.8,21500.00,75000.00,PLT_TN_20,TN_Wind_20,Wind,State Grid,2025-06-01 08:00:00 2025,7,Tamil Nadu,South India,0.0,820.8,0.0,0.0,0.0,820.8,1450.0,0.93,0.56,574.56,689.47,26.2,30.5,420.0,3.8,NaN,79000.00,PLT_TN_20,TN_Wind_20,Wind,Manual Entry,2025-07-01 08:00:00 2025,8,Tamil Nadu,South India,0.0,800.5,0.0,0.0,0.0,800.5,1450.0,0.92,0.55,560.35,672.42,26.5,30.1,350.0,5.1,21200.00,77500.00,PLT_TN_20,TN_Wind_20,Wind,State Grid,2025-08-01 08:00:00 2025,9,Tamil Nadu,South India,0.0,710.4,0.0,0.0,0.0,710.4,1450.0,0.89,0.49,497.28,596.74,27.0,24.8,220.0,5.8,20800.00,68000.00,PLT_TN_20,TN_Wind_20,Wind,SCADA,2025-09-01 08:00:00 2025,10,Tamil Nadu,South India,0.0,670.2,0.0,0.0,0.0,670.2,1450.0,0.85,0.46,469.14,562.97,26.5,21.5,160.0,6.8,20500.00,64000.00,PLT_TN_20,TN_Wind_20,Wind,NaN,2025-10-01 08:00:00 2025,11,Tamil Nadu,South India,0.0,630.1,0.0,0.0,0.0,630.1,1450.0,0.81,0.43,441.07,529.28,26.8,19.8,60.0,7.5,20200.00,60000.00,PLT_TN_20,TN_Wind_20,Wind,IoT Sensors,2025-11-01 08:00:00 2025,12,Tamil Nadu,South India,0.0,605.8,0.0,0.0,0.0,605.8,1450.0,0.77,0.41,424.06,508.87,25.0,18.1,20.0,8.1,20000.00,56000.00,PLT_TN_20,TN_Wind_20,Wind,IoT Sensors,2025-12-01 08:00:00 2026,1,Tamil Nadu,South India,0.0,610.5,0.0,0.0,0.0,610.5,1500.0,0.79,0.40,427.35,512.82,25.8,18.8,12.0,7.9,20100.00,55500.00,PLT_TN_20,TN_Wind_20,Wind,State Grid,2026-01-01 08:00:00 2026,2,Tamil Nadu,South India,0.0,620.1,0.0,0.0,0.0,620.1,1500.0,0.80,0.41,434.07,520.88,26.4,NaN,10.0,7.6,20300.00,57000.00,PLT_TN_20,TN_Wind_20,Wind,State Grid,2026-02-01 08:00:00 2026,3,Tamil Nadu,South India,0.0,630.4,0.0,0.0,0.0,630.4,1500.0,0.82,0.42,441.28,529.54,27.7,20.8,18.0,6.9,20600.00,58500.00,PLT_TN_20,TN_Wind_20,Wind,IoT Sensors,2026-03-01 08:00:00 2026,4,Tamil Nadu,South India,0.0,600.9,0.0,0.0,0.0,600.9,1500.0,0.78,0.40,420.63,504.76,28.5,17.8,40.0,6.6,20900.00,54500.00,PLT_TN_20,TN_Wind_20,Wind,IoT Sensors,2026-04-01 08:00:00 2026,5,Tamil Nadu,South India,0.0,710.2,0.0,0.0,0.0,710.2,1500.0,0.89,0.47,497.14,596.57,29.4,26.1,135.0,5.4,21100.00,68000.00,PLT_TN_20,TN_Wind_20,Wind,State Grid,2026-05-01 08:00:00 2026,6,Tamil Nadu,South India,0.0,790.3,0.0,0.0,0.0,790.3,1500.0,0.92,0.52,553.21,663.85,27.8,29.3,310.0,4.9,21600.00,75500.00,PLT_TN_20,TN_Wind_20,Wind,State Grid,2026-06-01 08:00:00 2026,7,Tamil Nadu,South India,0.0,830.8,0.0,0.0,0.0,830.8,1500.0,0.94,0.55,581.56,697.87,26.5,31.1,430.0,3.9,21800.00,79500.00,PLT_TN_20,TN_Wind_20,Wind,Manual Entry,2026-07-01 08:00:00 2026,8,Tamil Nadu,South India,0.0,810.5,0.0,0.0,0.0,810.5,1500.0,NaN,0.54,567.35,680.82,26.8,30.7,360.0,5.2,21300.00,78000.00,PLT_TN_20,TN_Wind_20,Wind,State Grid,2026-08-01 08:00:00 2026,9,Tamil Nadu,South India,0.0,720.4,0.0,0.0,0.0,720.4,1500.0,0.90,0.48,504.28,605.14,27.3,25.3,230.0,5.9,20900.00,68500.00,PLT_TN_20,TN_Wind_20,Wind,SCADA,2026-09-01 08:00:00 2026,10,Tamil Nadu,South India,0.0,680.2,0.0,0.0,0.0,680.2,1500.0,0.86,0.45,476.14,571.37,26.8,22.1,170.0,6.9,NaN,64500.00,PLT_TN_20,TN_Wind_20,Wind,SCADA,2026-10-01 08:00:00 2026,11,Tamil Nadu,South India,0.0,640.1,0.0,0.0,0.0,640.1,1500.0,0.82,0.42,448.07,537.68,27.1,20.3,70.0,7.6,20300.00,60500.00,PLT_TN_20,TN_Wind_20,Wind,IoT Sensors,2026-11-01 08:00:00 2026,12,Tamil Nadu,South India,0.0,NaN,0.0,0.0,0.0,615.8,1500.0,0.78,0.41,431.06,517.27,25.3,18.6,25.0,8.2,20100.00,56500.00,PLT_TN_20,TN_Wind_20,Wind,IoT Sensors,2026-12-01 08:00:00 2025,1,Andhra Pradesh,South India,0.0,0.0,1300.5,0.0,0.0,1300.5,3500.0,0.86,0.37,910.35,1092.42,28.8,7.5,15.0,8.6,28000.00,85000.00,PLT_AP_21,AP_Hydro_21,Hydro,State Grid,2025-01-01 08:00:00 2025,2,Andhra Pradesh,South India,0.0,0.0,1250.1,0.0,0.0,1250.1,3500.0,0.83,0.35,875.07,1050.08,30.5,8.0,10.0,9.4,27500.00,81000.00,PLT_AP_21,AP_Hydro_21,Hydro,State Grid,2025-02-01 08:00:00 2025,3,Andhra Pradesh,South India,0.0,0.0,1200.4,0.0,0.0,1200.4,3500.0,0.79,0.34,840.28,1008.34,34.8,8.4,0.0,10.7,27000.00,77000.00,PLT_AP_21,AP_Hydro_21,Hydro,IoT Sensors,2025-03-01 08:00:00 2025,4,Andhra Pradesh,South India,0.0,0.0,1180.9,0.0,0.0,1180.9,3500.0,0.77,0.33,826.63,991.96,37.5,9.3,30.0,11.5,26500.00,75000.00,PLT_AP_21,AP_Hydro_21,Hydro,IoT Sensors,2025-04-01 08:00:00 2025,5,Andhra Pradesh,South India,0.0,0.0,1220.2,0.0,0.0,1220.2,3500.0,NaN,0.34,854.14,1024.97,38.5,10.5,120.0,11.2,27200.00,79000.00,PLT_AP_21,AP_Hydro_21,Hydro,State Grid,2025-05-01 08:00:00 2025,6,Andhra Pradesh,South India,0.0,0.0,1450.3,0.0,0.0,1450.3,3500.0,0.93,0.41,1015.21,1218.25,35.8,12.8,360.0,7.8,29000.00,97000.00,PLT_AP_21,AP_Hydro_21,Hydro,State Grid,2025-06-01 08:00:00 2025,7,Andhra Pradesh,South India,0.0,0.0,1600.8,0.0,0.0,1600.8,3500.0,0.96,0.45,1120.56,1344.67,33.5,13.5,560.0,NaN,31000.00,110000.00,PLT_AP_21,AP_Hydro_21,Hydro,Manual Entry,2025-07-01 08:00:00 2025,8,Andhra Pradesh,South India,0.0,0.0,1650.5,0.0,0.0,1650.5,3500.0,0.97,0.47,1155.35,1386.42,32.8,13.1,590.0,7.0,31500.00,113000.00,PLT_AP_21,AP_Hydro_21,Hydro,State Grid,2025-08-01 08:00:00 2025,9,Andhra Pradesh,South India,0.0,0.0,1550.4,0.0,0.0,1550.4,3500.0,0.95,0.44,1085.28,1302.34,33.5,11.8,460.0,8.2,30500.00,105000.00,PLT_AP_21,AP_Hydro_21,Hydro,SCADA,2025-09-01 08:00:00 2025,10,Andhra Pradesh,South India,0.0,0.0,1480.2,0.0,0.0,1480.2,3500.0,0.91,0.42,1036.14,1243.37,31.8,9.5,310.0,7.8,29500.00,100000.00,PLT_AP_21,AP_Hydro_21,Hydro,SCADA,2025-10-01 08:00:00 2025,11,Andhra Pradesh,South India,0.0,0.0,1400.1,0.0,0.0,1400.1,3500.0,0.89,0.40,980.07,1176.08,30.2,8.8,160.0,8.5,28500.00,93000.00,PLT_AP_21,AP_Hydro_21,Hydro,IoT Sensors,2025-11-01 08:00:00 2025,12,Andhra Pradesh,South India,0.0,0.0,1350.8,0.0,0.0,1350.8,3500.0,0.87,0.38,945.56,1134.67,28.5,8.1,70.0,8.8,28200.00,89000.00,PLT_AP_21,AP_Hydro_21,Hydro,IoT Sensors,2025-12-01 08:00:00 2026,1,Andhra Pradesh,South India,0.0,0.0,1310.5,0.0,0.0,1310.5,3550.0,0.87,0.36,917.35,1100.82,29.8,8.5,18.0,9.6,28200.00,86000.00,PLT_AP_21,AP_Hydro_21,Hydro,State Grid,2026-01-01 08:00:00 2026,2,Andhra Pradesh,South India,0.0,0.0,1260.1,0.0,0.0,1260.1,3550.0,0.84,0.35,882.07,1058.48,31.5,9.0,12.0,10.4,27700.00,82000.00,PLT_AP_21,AP_Hydro_21,Hydro,State Grid,2026-02-01 08:00:00 2026,3,Andhra Pradesh,South India,0.0,0.0,1210.4,0.0,0.0,1210.4,3550.0,0.80,0.34,847.28,1016.74,35.8,9.4,0.0,11.7,27200.00,78000.00,PLT_AP_21,AP_Hydro_21,Hydro,IoT Sensors,2026-03-01 08:00:00 2026,4,Andhra Pradesh,South India,0.0,0.0,1190.9,0.0,0.0,1190.9,3550.0,0.78,0.33,833.63,1000.36,38.5,10.3,35.0,12.5,26700.00,76000.00,PLT_AP_21,AP_Hydro_21,Hydro,IoT Sensors,2026-04-01 08:00:00 2026,5,Andhra Pradesh,South India,0.0,0.0,1230.2,0.0,0.0,1230.2,3550.0,NaN,0.34,861.14,1033.37,39.5,11.5,130.0,12.2,27400.00,80000.00,PLT_AP_21,AP_Hydro_21,Hydro,State Grid,2026-05-01 08:00:00 2026,6,Andhra Pradesh,South India,0.0,0.0,1460.3,0.0,0.0,1460.3,3550.0,0.94,0.41,1022.21,1226.65,36.8,13.8,380.0,8.8,29200.00,98000.00,PLT_AP_21,AP_Hydro_21,Hydro,State Grid,2026-06-01 08:00:00 2026,7,Andhra Pradesh,South India,0.0,0.0,1610.8,0.0,0.0,1610.8,3550.0,0.97,0.45,1127.56,1353.07,34.5,14.5,580.0,NaN,31200.00,111000.00,PLT_AP_21,AP_Hydro_21,Hydro,Manual Entry,2026-07-01 08:00:00 2026,8,Andhra Pradesh,South India,0.0,0.0,1660.5,0.0,0.0,1660.5,3550.0,0.98,0.46,1162.35,1394.82,33.8,14.1,610.0,8.0,31700.00,114000.00,PLT_AP_21,AP_Hydro_21,Hydro,State Grid,2026-08-01 08:00:00 2026,9,Andhra Pradesh,South India,0.0,0.0,1560.4,0.0,0.0,1560.4,3550.0,0.96,0.43,1092.28,1310.74,34.5,12.8,480.0,9.2,30700.00,106000.00,PLT_AP_21,AP_Hydro_21,Hydro,SCADA,2026-09-01 08:00:00 2026,10,Andhra Pradesh,South India,0.0,0.0,1490.2,0.0,0.0,1490.2,3550.0,0.92,0.41,1043.14,1251.77,32.8,10.5,330.0,8.8,29700.00,101000.00,PLT_AP_21,AP_Hydro_21,Hydro,SCADA,2026-10-01 08:00:00 2026,11,Andhra Pradesh,South India,0.0,0.0,1410.1,0.0,0.0,1410.1,3550.0,0.90,0.39,987.07,1184.48,31.2,9.8,180.0,9.5,28700.00,94000.00,PLT_AP_21,AP_Hydro_21,Hydro,IoT Sensors,2026-11-01 08:00:00 2026,12,Andhra Pradesh,South India,0.0,0.0,1360.8,0.0,0.0,1360.8,3550.0,0.88,0.38,952.56,1143.07,29.5,9.1,90.0,9.8,28400.00,90000.00,PLT_AP_21,AP_Hydro_21,Hydro,IoT Sensors,2026-12-01 08:00:00 2025,1,Telangana,South India,0.0,0.0,0.0,0.0,222.5,222.5,650.0,0.89,0.34,155.75,186.90,25.8,16.8,12.0,7.9,18600.00,41500.00,PLT_TS_22,TS_Bio_22,Biomass,State Grid,2025-01-01 08:00:00 2025,2,Telangana,South India,0.0,0.0,0.0,0.0,227.1,227.1,650.0,0.90,0.34,158.97,190.76,26.4,NaN,10.0,7.6,18800.00,42000.00,PLT_TS_22,TS_Bio_22,Biomass,State Grid,2025-02-01 08:00:00 2025,3,Telangana,South India,0.0,0.0,0.0,0.0,220.4,220.4,650.0,0.87,0.33,154.28,185.14,27.7,18.8,18.0,6.9,18400.00,40500.00,PLT_TS_22,TS_Bio_22,Biomass,IoT Sensors,2025-03-01 08:00:00 2025,4,Telangana,South India,0.0,0.0,0.0,0.0,232.9,232.9,650.0,0.93,0.35,163.03,195.64,28.5,15.8,40.0,6.6,19100.00,42500.00,PLT_TS_22,TS_Bio_22,Biomass,IoT Sensors,2025-04-01 08:00:00 2025,5,Telangana,South India,0.0,0.0,0.0,0.0,230.2,230.2,650.0,NaN,0.35,161.14,193.37,29.4,24.1,135.0,5.4,NaN,42000.00,PLT_TS_22,TS_Bio_22,Biomass,State Grid,2025-05-01 08:00:00 2025,6,Telangana,South India,0.0,0.0,0.0,0.0,224.3,224.3,650.0,0.90,0.34,157.01,188.41,27.8,27.3,310.0,4.9,18600.00,41500.00,PLT_TS_22,TS_Bio_22,Biomass,State Grid,2025-06-01 08:00:00 2025,7,Telangana,South India,0.0,0.0,0.0,0.0,222.8,222.8,650.0,0.89,0.34,155.96,187.15,26.5,29.1,430.0,NaN,18500.00,NaN,PLT_TS_22,TS_Bio_22,Biomass,Manual Entry,2025-07-01 08:00:00 2025,8,Telangana,South India,0.0,0.0,0.0,0.0,226.5,226.5,650.0,0.90,0.34,158.55,190.26,26.8,28.7,360.0,5.2,18700.00,41600.00,PLT_TS_22,TS_Bio_22,Biomass,State Grid,2025-08-01 08:00:00 2025,9,Telangana,South India,0.0,0.0,0.0,0.0,230.4,230.4,650.0,0.92,0.35,161.28,193.54,27.3,23.3,230.0,5.9,19000.00,42200.00,PLT_TS_22,TS_Bio_22,Biomass,SCADA,2025-09-01 08:00:00 2025,10,Telangana,South India,0.0,0.0,0.0,0.0,NaN,225.2,650.0,0.90,0.34,157.64,189.17,26.8,20.1,170.0,6.9,18800.00,41800.00,PLT_TS_22,TS_Bio_22,Biomass,SCADA,2025-10-01 08:00:00 2025,11,Telangana,South India,0.0,0.0,0.0,0.0,223.1,223.1,650.0,0.89,0.34,156.17,187.40,27.1,18.3,70.0,7.6,18600.00,41500.00,PLT_TS_22,TS_Bio_22,Biomass,IoT Sensors,2025-11-01 08:00:00 2025,12,Telangana,South India,0.0,0.0,0.0,0.0,220.8,220.8,650.0,0.88,0.33,154.56,185.47,25.3,16.6,25.0,8.2,18500.00,41200.00,PLT_TS_22,TS_Bio_22,Biomass,IoT Sensors,2025-12-01 08:00:00 2026,1,Telangana,South India,0.0,0.0,0.0,0.0,224.5,224.5,670.0,0.90,0.33,157.15,188.58,26.8,17.8,14.0,8.9,18800.00,42000.00,PLT_TS_22,TS_Bio_22,Biomass,State Grid,2026-01-01 08:00:00 2026,2,Telangana,South India,0.0,0.0,0.0,0.0,229.1,229.1,670.0,0.91,0.34,160.37,192.44,27.4,NaN,12.0,8.6,19000.00,42500.00,PLT_TS_22,TS_Bio_22,Biomass,State Grid,2026-02-01 08:00:00 2026,3,Telangana,South India,0.0,0.0,0.0,0.0,222.4,222.4,670.0,0.88,0.33,155.68,186.82,28.7,19.8,20.0,7.9,18600.00,41000.00,PLT_TS_22,TS_Bio_22,Biomass,IoT Sensors,2026-03-01 08:00:00 2026,4,Telangana,South India,0.0,0.0,0.0,0.0,234.9,234.9,670.0,0.94,0.35,164.43,197.32,29.5,16.8,45.0,7.6,19300.00,43000.00,PLT_TS_22,TS_Bio_22,Biomass,IoT Sensors,2026-04-01 08:00:00 2026,5,Telangana,South India,0.0,0.0,0.0,0.0,232.2,232.2,670.0,NaN,0.34,162.54,195.05,30.4,25.1,140.0,6.4,NaN,42500.00,PLT_TS_22,TS_Bio_22,Biomass,State Grid,2026-05-01 08:00:00 2026,6,Telangana,South India,0.0,0.0,0.0,0.0,226.3,226.3,670.0,0.91,0.33,158.41,190.09,28.8,28.3,320.0,5.9,18800.00,42000.00,PLT_TS_22,TS_Bio_22,Biomass,State Grid,2026-06-01 08:00:00 2026,7,Telangana,South India,0.0,0.0,0.0,0.0,224.8,224.8,670.0,0.90,0.33,157.36,188.83,27.5,30.1,440.0,NaN,18700.00,NaN,PLT_TS_22,TS_Bio_22,Biomass,Manual Entry,2026-07-01 08:00:00 2026,8,Telangana,South India,0.0,0.0,0.0,0.0,228.5,228.5,670.0,0.91,0.34,159.95,191.94,27.8,29.7,370.0,6.2,18900.00,42100.00,PLT_TS_22,TS_Bio_22,Biomass,State Grid,2026-08-01 08:00:00 2026,9,Telangana,South India,0.0,0.0,0.0,0.0,232.4,232.4,670.0,0.93,0.34,162.68,195.22,28.3,24.3,240.0,6.9,19200.00,42700.00,PLT_TS_22,TS_Bio_22,Biomass,SCADA,2026-09-01 08:00:00 2026,10,Telangana,South India,0.0,0.0,0.0,0.0,NaN,227.2,670.0,0.91,0.33,159.04,190.85,27.8,21.1,180.0,7.9,19000.00,42300.00,PLT_TS_22,TS_Bio_22,Biomass,SCADA,2026-10-01 08:00:00 2026,11,Telangana,South India,0.0,0.0,0.0,0.0,225.1,225.1,670.0,0.90,0.33,157.57,189.08,28.1,19.3,80.0,8.6,18800.00,42000.00,PLT_TS_22,TS_Bio_22,Biomass,IoT Sensors,2026-11-01 08:00:00 2026,12,Telangana,South India,0.0,0.0,0.0,0.0,222.8,222.8,670.0,0.89,0.33,155.96,187.15,26.3,17.6,35.0,9.2,18700.00,41700.00,PLT_TS_22,TS_Bio_22,Biomass,IoT Sensors,2026-12-01 08:00:00
year,month,state,region,solar_energy,wind_energy,hydro_energy,geothermal_energy,biomass_energy,total_energy,capacity,efficiency,capacity_factor,co2_reduction,carbon_offset,temperature,wind_speed,rainfall,sunlight_hours,cost,revenue,plant_id,plant_name,plant_type,data_source,timestamp 2026,1,Karnataka,South India,0.0,0.0,0.0,120.5,0.0,120.5,180.0,0.91,0.74,84.35,101.22,25.5,5.2,8.0,8.5,13000.00,28000.00,PLT_KA_23,KA_Geo_23,Geothermal,State Grid,2026-01-01 08:00:00 2026,2,Karnataka,South India,0.0,0.0,0.0,122.1,0.0,122.1,180.0,0.92,0.75,85.47,102.56,27.1,6.5,4.0,8.8,13200.00,28500.00,PLT_KA_23,KA_Geo_23,Geothermal,State Grid,2026-02-01 08:00:00 2026,3,Karnataka,South India,0.0,0.0,0.0,118.4,0.0,118.4,180.0,0.89,0.72,82.88,99.46,30.4,7.1,0.0,9.2,12900.00,27000.00,PLT_KA_23,KA_Geo_23,Geothermal,IoT Sensors,2026-03-01 08:00:00 2026,4,Karnataka,South India,0.0,0.0,0.0,125.9,0.0,125.9,180.0,0.95,0.77,88.13,105.76,33.2,8.0,18.0,9.5,13500.00,29500.00,PLT_KA_23,KA_Geo_23,Geothermal,IoT Sensors,2026-04-01 08:00:00 2026,5,Karnataka,South India,0.0,0.0,0.0,123.2,0.0,123.2,180.0,0.93,0.75,86.24,103.49,34.1,10.2,90.0,8.0,13300.00,29000.00,PLT_KA_23,KA_Geo_23,Geothermal,State Grid,2026-05-01 08:00:00 2026,6,Karnataka,South India,0.0,0.0,0.0,119.3,0.0,119.3,180.0,0.90,0.73,83.51,100.21,30.5,12.5,280.0,5.5,13000.00,27500.00,PLT_KA_23,KA_Geo_23,Geothermal,State Grid,2026-06-01 08:00:00 2026,7,Karnataka,South India,0.0,0.0,0.0,117.8,0.0,117.8,180.0,0.88,0.72,82.46,98.95,28.2,14.2,450.0,NaN,12800.00,NaN,PLT_KA_23,KA_Geo_23,Geothermal,Manual Entry,2026-07-01 08:00:00 2026,8,Karnataka,South India,0.0,0.0,0.0,121.5,0.0,121.5,180.0,0.91,0.74,85.05,102.06,27.5,13.8,480.0,4.8,13100.00,28200.00,PLT_KA_23,KA_Geo_23,Geothermal,State Grid,2026-08-01 08:00:00 2026,9,Karnataka,South India,0.0,0.0,0.0,124.4,0.0,124.4,180.0,0.94,0.76,87.08,104.50,27.0,11.5,350.0,5.5,13400.00,29200.00,PLT_KA_23,KA_Geo_23,Geothermal,SCADA,2026-09-01 08:00:00 2026,10,Karnataka,South India,0.0,0.0,0.0,122.2,0.0,122.2,180.0,0.92,0.75,85.54,102.65,26.5,9.2,200.0,6.5,13200.00,28800.00,PLT_KA_23,KA_Geo_23,Geothermal,SCADA,2026-10-01 08:00:00
